[2024-07-05T22:02:52.417+0000] {processor.py:161} INFO - Started process (PID=54) to work on /opt/airflow/dags/main.py
[2024-07-05T22:02:52.418+0000] {processor.py:830} INFO - Processing file /opt/airflow/dags/main.py for tasks to queue
[2024-07-05T22:02:52.427+0000] {logging_mixin.py:188} INFO - [2024-07-05T22:02:52.426+0000] {dagbag.py:545} INFO - Filling up the DagBag from /opt/airflow/dags/main.py
[2024-07-05T22:02:54.651+0000] {processor.py:840} INFO - DAG(s) 'Binance_ETL' retrieved from /opt/airflow/dags/main.py
[2024-07-05T22:02:54.717+0000] {logging_mixin.py:188} INFO - [2024-07-05T22:02:54.716+0000] {dag.py:3096} INFO - Sync 1 DAGs
[2024-07-05T22:02:54.750+0000] {logging_mixin.py:188} INFO - [2024-07-05T22:02:54.749+0000] {dag.py:3954} INFO - Setting next_dagrun for Binance_ETL to 2024-07-05 00:00:00+00:00, run_after=2024-07-06 00:00:00+00:00
[2024-07-05T22:02:54.775+0000] {processor.py:183} INFO - Processing /opt/airflow/dags/main.py took 2.378 seconds
[2024-07-05T22:03:24.961+0000] {processor.py:161} INFO - Started process (PID=68) to work on /opt/airflow/dags/main.py
[2024-07-05T22:03:24.962+0000] {processor.py:830} INFO - Processing file /opt/airflow/dags/main.py for tasks to queue
[2024-07-05T22:03:24.965+0000] {logging_mixin.py:188} INFO - [2024-07-05T22:03:24.964+0000] {dagbag.py:545} INFO - Filling up the DagBag from /opt/airflow/dags/main.py
[2024-07-05T22:03:26.404+0000] {processor.py:840} INFO - DAG(s) 'Binance_ETL' retrieved from /opt/airflow/dags/main.py
[2024-07-05T22:03:26.437+0000] {logging_mixin.py:188} INFO - [2024-07-05T22:03:26.436+0000] {dag.py:3096} INFO - Sync 1 DAGs
[2024-07-05T22:03:26.466+0000] {logging_mixin.py:188} INFO - [2024-07-05T22:03:26.465+0000] {dag.py:3954} INFO - Setting next_dagrun for Binance_ETL to 2024-07-05 00:00:00+00:00, run_after=2024-07-06 00:00:00+00:00
[2024-07-05T22:03:26.501+0000] {processor.py:183} INFO - Processing /opt/airflow/dags/main.py took 1.551 seconds
[2024-07-05T22:03:56.729+0000] {processor.py:161} INFO - Started process (PID=77) to work on /opt/airflow/dags/main.py
[2024-07-05T22:03:56.746+0000] {processor.py:830} INFO - Processing file /opt/airflow/dags/main.py for tasks to queue
[2024-07-05T22:03:56.748+0000] {logging_mixin.py:188} INFO - [2024-07-05T22:03:56.748+0000] {dagbag.py:545} INFO - Filling up the DagBag from /opt/airflow/dags/main.py
[2024-07-05T22:03:58.190+0000] {processor.py:840} INFO - DAG(s) 'Binance_ETL' retrieved from /opt/airflow/dags/main.py
[2024-07-05T22:03:58.220+0000] {logging_mixin.py:188} INFO - [2024-07-05T22:03:58.220+0000] {dag.py:3096} INFO - Sync 1 DAGs
[2024-07-05T22:03:58.249+0000] {logging_mixin.py:188} INFO - [2024-07-05T22:03:58.249+0000] {dag.py:3954} INFO - Setting next_dagrun for Binance_ETL to 2024-07-05 00:00:00+00:00, run_after=2024-07-06 00:00:00+00:00
[2024-07-05T22:03:58.269+0000] {processor.py:183} INFO - Processing /opt/airflow/dags/main.py took 1.548 seconds
[2024-07-05T22:04:28.386+0000] {processor.py:161} INFO - Started process (PID=92) to work on /opt/airflow/dags/main.py
[2024-07-05T22:04:28.404+0000] {processor.py:830} INFO - Processing file /opt/airflow/dags/main.py for tasks to queue
[2024-07-05T22:04:28.411+0000] {logging_mixin.py:188} INFO - [2024-07-05T22:04:28.409+0000] {dagbag.py:545} INFO - Filling up the DagBag from /opt/airflow/dags/main.py
[2024-07-05T22:04:29.868+0000] {processor.py:840} INFO - DAG(s) 'Binance_ETL' retrieved from /opt/airflow/dags/main.py
[2024-07-05T22:04:29.898+0000] {logging_mixin.py:188} INFO - [2024-07-05T22:04:29.898+0000] {dag.py:3096} INFO - Sync 1 DAGs
[2024-07-05T22:04:29.927+0000] {logging_mixin.py:188} INFO - [2024-07-05T22:04:29.927+0000] {dag.py:3954} INFO - Setting next_dagrun for Binance_ETL to 2024-07-05 00:00:00+00:00, run_after=2024-07-06 00:00:00+00:00
[2024-07-05T22:04:29.963+0000] {processor.py:183} INFO - Processing /opt/airflow/dags/main.py took 1.585 seconds
[2024-07-05T22:05:00.206+0000] {processor.py:161} INFO - Started process (PID=100) to work on /opt/airflow/dags/main.py
[2024-07-05T22:05:00.223+0000] {processor.py:830} INFO - Processing file /opt/airflow/dags/main.py for tasks to queue
[2024-07-05T22:05:00.225+0000] {logging_mixin.py:188} INFO - [2024-07-05T22:05:00.225+0000] {dagbag.py:545} INFO - Filling up the DagBag from /opt/airflow/dags/main.py
[2024-07-05T22:05:01.663+0000] {processor.py:840} INFO - DAG(s) 'Binance_ETL' retrieved from /opt/airflow/dags/main.py
[2024-07-05T22:05:01.693+0000] {logging_mixin.py:188} INFO - [2024-07-05T22:05:01.692+0000] {dag.py:3096} INFO - Sync 1 DAGs
[2024-07-05T22:05:01.721+0000] {logging_mixin.py:188} INFO - [2024-07-05T22:05:01.721+0000] {dag.py:3954} INFO - Setting next_dagrun for Binance_ETL to 2024-07-05 00:00:00+00:00, run_after=2024-07-06 00:00:00+00:00
[2024-07-05T22:05:01.744+0000] {processor.py:183} INFO - Processing /opt/airflow/dags/main.py took 1.548 seconds
[2024-07-05T22:05:31.864+0000] {processor.py:161} INFO - Started process (PID=109) to work on /opt/airflow/dags/main.py
[2024-07-05T22:05:31.882+0000] {processor.py:830} INFO - Processing file /opt/airflow/dags/main.py for tasks to queue
[2024-07-05T22:05:31.889+0000] {logging_mixin.py:188} INFO - [2024-07-05T22:05:31.888+0000] {dagbag.py:545} INFO - Filling up the DagBag from /opt/airflow/dags/main.py
[2024-07-05T22:05:33.344+0000] {processor.py:840} INFO - DAG(s) 'Binance_ETL' retrieved from /opt/airflow/dags/main.py
[2024-07-05T22:05:33.378+0000] {logging_mixin.py:188} INFO - [2024-07-05T22:05:33.377+0000] {dag.py:3096} INFO - Sync 1 DAGs
[2024-07-05T22:05:33.410+0000] {logging_mixin.py:188} INFO - [2024-07-05T22:05:33.409+0000] {dag.py:3954} INFO - Setting next_dagrun for Binance_ETL to 2024-07-05 00:00:00+00:00, run_after=2024-07-06 00:00:00+00:00
[2024-07-05T22:05:33.447+0000] {processor.py:183} INFO - Processing /opt/airflow/dags/main.py took 1.591 seconds
[2024-07-05T22:06:03.646+0000] {processor.py:161} INFO - Started process (PID=118) to work on /opt/airflow/dags/main.py
[2024-07-05T22:06:03.664+0000] {processor.py:830} INFO - Processing file /opt/airflow/dags/main.py for tasks to queue
[2024-07-05T22:06:03.673+0000] {logging_mixin.py:188} INFO - [2024-07-05T22:06:03.672+0000] {dagbag.py:545} INFO - Filling up the DagBag from /opt/airflow/dags/main.py
[2024-07-05T22:06:05.135+0000] {processor.py:840} INFO - DAG(s) 'Binance_ETL' retrieved from /opt/airflow/dags/main.py
[2024-07-05T22:06:05.165+0000] {logging_mixin.py:188} INFO - [2024-07-05T22:06:05.165+0000] {dag.py:3096} INFO - Sync 1 DAGs
[2024-07-05T22:06:05.195+0000] {logging_mixin.py:188} INFO - [2024-07-05T22:06:05.195+0000] {dag.py:3954} INFO - Setting next_dagrun for Binance_ETL to 2024-07-05 00:00:00+00:00, run_after=2024-07-06 00:00:00+00:00
[2024-07-05T22:06:05.243+0000] {processor.py:183} INFO - Processing /opt/airflow/dags/main.py took 1.605 seconds
[2024-07-05T22:06:35.350+0000] {processor.py:161} INFO - Started process (PID=127) to work on /opt/airflow/dags/main.py
[2024-07-05T22:06:35.369+0000] {processor.py:830} INFO - Processing file /opt/airflow/dags/main.py for tasks to queue
[2024-07-05T22:06:35.378+0000] {logging_mixin.py:188} INFO - [2024-07-05T22:06:35.377+0000] {dagbag.py:545} INFO - Filling up the DagBag from /opt/airflow/dags/main.py
[2024-07-05T22:06:36.825+0000] {processor.py:840} INFO - DAG(s) 'Binance_ETL' retrieved from /opt/airflow/dags/main.py
[2024-07-05T22:06:36.856+0000] {logging_mixin.py:188} INFO - [2024-07-05T22:06:36.855+0000] {dag.py:3096} INFO - Sync 1 DAGs
[2024-07-05T22:06:36.884+0000] {logging_mixin.py:188} INFO - [2024-07-05T22:06:36.884+0000] {dag.py:3954} INFO - Setting next_dagrun for Binance_ETL to 2024-07-05 00:00:00+00:00, run_after=2024-07-06 00:00:00+00:00
[2024-07-05T22:06:36.931+0000] {processor.py:183} INFO - Processing /opt/airflow/dags/main.py took 1.605 seconds
[2024-07-05T22:07:07.149+0000] {processor.py:161} INFO - Started process (PID=136) to work on /opt/airflow/dags/main.py
[2024-07-05T22:07:07.168+0000] {processor.py:830} INFO - Processing file /opt/airflow/dags/main.py for tasks to queue
[2024-07-05T22:07:07.177+0000] {logging_mixin.py:188} INFO - [2024-07-05T22:07:07.175+0000] {dagbag.py:545} INFO - Filling up the DagBag from /opt/airflow/dags/main.py
[2024-07-05T22:07:08.632+0000] {processor.py:840} INFO - DAG(s) 'Binance_ETL' retrieved from /opt/airflow/dags/main.py
[2024-07-05T22:07:08.662+0000] {logging_mixin.py:188} INFO - [2024-07-05T22:07:08.661+0000] {dag.py:3096} INFO - Sync 1 DAGs
[2024-07-05T22:07:08.690+0000] {logging_mixin.py:188} INFO - [2024-07-05T22:07:08.690+0000] {dag.py:3954} INFO - Setting next_dagrun for Binance_ETL to 2024-07-05 00:00:00+00:00, run_after=2024-07-06 00:00:00+00:00
[2024-07-05T22:07:08.744+0000] {processor.py:183} INFO - Processing /opt/airflow/dags/main.py took 1.603 seconds
[2024-07-05T22:07:38.822+0000] {processor.py:161} INFO - Started process (PID=145) to work on /opt/airflow/dags/main.py
[2024-07-05T22:07:38.841+0000] {processor.py:830} INFO - Processing file /opt/airflow/dags/main.py for tasks to queue
[2024-07-05T22:07:38.848+0000] {logging_mixin.py:188} INFO - [2024-07-05T22:07:38.847+0000] {dagbag.py:545} INFO - Filling up the DagBag from /opt/airflow/dags/main.py
[2024-07-05T22:07:40.306+0000] {processor.py:840} INFO - DAG(s) 'Binance_ETL' retrieved from /opt/airflow/dags/main.py
[2024-07-05T22:07:40.336+0000] {logging_mixin.py:188} INFO - [2024-07-05T22:07:40.335+0000] {dag.py:3096} INFO - Sync 1 DAGs
[2024-07-05T22:07:40.364+0000] {logging_mixin.py:188} INFO - [2024-07-05T22:07:40.364+0000] {dag.py:3954} INFO - Setting next_dagrun for Binance_ETL to 2024-07-05 00:00:00+00:00, run_after=2024-07-06 00:00:00+00:00
[2024-07-05T22:07:40.414+0000] {processor.py:183} INFO - Processing /opt/airflow/dags/main.py took 1.600 seconds
[2024-07-05T22:08:10.670+0000] {processor.py:161} INFO - Started process (PID=158) to work on /opt/airflow/dags/main.py
[2024-07-05T22:08:10.689+0000] {processor.py:830} INFO - Processing file /opt/airflow/dags/main.py for tasks to queue
[2024-07-05T22:08:10.691+0000] {logging_mixin.py:188} INFO - [2024-07-05T22:08:10.690+0000] {dagbag.py:545} INFO - Filling up the DagBag from /opt/airflow/dags/main.py
[2024-07-05T22:08:12.142+0000] {processor.py:840} INFO - DAG(s) 'Binance_ETL' retrieved from /opt/airflow/dags/main.py
[2024-07-05T22:08:12.172+0000] {logging_mixin.py:188} INFO - [2024-07-05T22:08:12.171+0000] {dag.py:3096} INFO - Sync 1 DAGs
[2024-07-05T22:08:12.202+0000] {logging_mixin.py:188} INFO - [2024-07-05T22:08:12.202+0000] {dag.py:3954} INFO - Setting next_dagrun for Binance_ETL to 2024-07-05 00:00:00+00:00, run_after=2024-07-06 00:00:00+00:00
[2024-07-05T22:08:12.252+0000] {processor.py:183} INFO - Processing /opt/airflow/dags/main.py took 1.590 seconds
[2024-07-05T22:08:42.333+0000] {processor.py:161} INFO - Started process (PID=167) to work on /opt/airflow/dags/main.py
[2024-07-05T22:08:42.352+0000] {processor.py:830} INFO - Processing file /opt/airflow/dags/main.py for tasks to queue
[2024-07-05T22:08:42.354+0000] {logging_mixin.py:188} INFO - [2024-07-05T22:08:42.354+0000] {dagbag.py:545} INFO - Filling up the DagBag from /opt/airflow/dags/main.py
[2024-07-05T22:08:43.790+0000] {processor.py:840} INFO - DAG(s) 'Binance_ETL' retrieved from /opt/airflow/dags/main.py
[2024-07-05T22:08:43.820+0000] {logging_mixin.py:188} INFO - [2024-07-05T22:08:43.820+0000] {dag.py:3096} INFO - Sync 1 DAGs
[2024-07-05T22:08:43.851+0000] {logging_mixin.py:188} INFO - [2024-07-05T22:08:43.851+0000] {dag.py:3954} INFO - Setting next_dagrun for Binance_ETL to 2024-07-05 00:00:00+00:00, run_after=2024-07-06 00:00:00+00:00
[2024-07-05T22:08:43.893+0000] {processor.py:183} INFO - Processing /opt/airflow/dags/main.py took 1.568 seconds
[2024-07-05T22:09:14.112+0000] {processor.py:161} INFO - Started process (PID=176) to work on /opt/airflow/dags/main.py
[2024-07-05T22:09:14.131+0000] {processor.py:830} INFO - Processing file /opt/airflow/dags/main.py for tasks to queue
[2024-07-05T22:09:14.133+0000] {logging_mixin.py:188} INFO - [2024-07-05T22:09:14.133+0000] {dagbag.py:545} INFO - Filling up the DagBag from /opt/airflow/dags/main.py
[2024-07-05T22:09:15.580+0000] {processor.py:840} INFO - DAG(s) 'Binance_ETL' retrieved from /opt/airflow/dags/main.py
[2024-07-05T22:09:15.615+0000] {logging_mixin.py:188} INFO - [2024-07-05T22:09:15.615+0000] {dag.py:3096} INFO - Sync 1 DAGs
[2024-07-05T22:09:15.644+0000] {logging_mixin.py:188} INFO - [2024-07-05T22:09:15.643+0000] {dag.py:3954} INFO - Setting next_dagrun for Binance_ETL to 2024-07-05 00:00:00+00:00, run_after=2024-07-06 00:00:00+00:00
[2024-07-05T22:09:15.682+0000] {processor.py:183} INFO - Processing /opt/airflow/dags/main.py took 1.578 seconds
[2024-07-05T22:09:45.866+0000] {processor.py:161} INFO - Started process (PID=185) to work on /opt/airflow/dags/main.py
[2024-07-05T22:09:45.867+0000] {processor.py:830} INFO - Processing file /opt/airflow/dags/main.py for tasks to queue
[2024-07-05T22:09:45.869+0000] {logging_mixin.py:188} INFO - [2024-07-05T22:09:45.868+0000] {dagbag.py:545} INFO - Filling up the DagBag from /opt/airflow/dags/main.py
[2024-07-05T22:09:47.330+0000] {processor.py:840} INFO - DAG(s) 'Binance_ETL' retrieved from /opt/airflow/dags/main.py
[2024-07-05T22:09:47.363+0000] {logging_mixin.py:188} INFO - [2024-07-05T22:09:47.363+0000] {dag.py:3096} INFO - Sync 1 DAGs
[2024-07-05T22:09:47.393+0000] {logging_mixin.py:188} INFO - [2024-07-05T22:09:47.393+0000] {dag.py:3954} INFO - Setting next_dagrun for Binance_ETL to 2024-07-05 00:00:00+00:00, run_after=2024-07-06 00:00:00+00:00
[2024-07-05T22:09:47.414+0000] {processor.py:183} INFO - Processing /opt/airflow/dags/main.py took 1.556 seconds
[2024-07-05T22:10:17.650+0000] {processor.py:161} INFO - Started process (PID=194) to work on /opt/airflow/dags/main.py
[2024-07-05T22:10:17.651+0000] {processor.py:830} INFO - Processing file /opt/airflow/dags/main.py for tasks to queue
[2024-07-05T22:10:17.653+0000] {logging_mixin.py:188} INFO - [2024-07-05T22:10:17.653+0000] {dagbag.py:545} INFO - Filling up the DagBag from /opt/airflow/dags/main.py
[2024-07-05T22:10:19.116+0000] {processor.py:840} INFO - DAG(s) 'Binance_ETL' retrieved from /opt/airflow/dags/main.py
[2024-07-05T22:10:19.147+0000] {logging_mixin.py:188} INFO - [2024-07-05T22:10:19.147+0000] {dag.py:3096} INFO - Sync 1 DAGs
[2024-07-05T22:10:19.175+0000] {logging_mixin.py:188} INFO - [2024-07-05T22:10:19.175+0000] {dag.py:3954} INFO - Setting next_dagrun for Binance_ETL to 2024-07-05 00:00:00+00:00, run_after=2024-07-06 00:00:00+00:00
[2024-07-05T22:10:19.214+0000] {processor.py:183} INFO - Processing /opt/airflow/dags/main.py took 1.572 seconds
[2024-07-05T22:10:49.322+0000] {processor.py:161} INFO - Started process (PID=202) to work on /opt/airflow/dags/main.py
[2024-07-05T22:10:49.323+0000] {processor.py:830} INFO - Processing file /opt/airflow/dags/main.py for tasks to queue
[2024-07-05T22:10:49.326+0000] {logging_mixin.py:188} INFO - [2024-07-05T22:10:49.326+0000] {dagbag.py:545} INFO - Filling up the DagBag from /opt/airflow/dags/main.py
[2024-07-05T22:10:50.759+0000] {processor.py:840} INFO - DAG(s) 'Binance_ETL' retrieved from /opt/airflow/dags/main.py
[2024-07-05T22:10:50.788+0000] {logging_mixin.py:188} INFO - [2024-07-05T22:10:50.788+0000] {dag.py:3096} INFO - Sync 1 DAGs
[2024-07-05T22:10:50.816+0000] {logging_mixin.py:188} INFO - [2024-07-05T22:10:50.816+0000] {dag.py:3954} INFO - Setting next_dagrun for Binance_ETL to 2024-07-05 00:00:00+00:00, run_after=2024-07-06 00:00:00+00:00
[2024-07-05T22:10:50.869+0000] {processor.py:183} INFO - Processing /opt/airflow/dags/main.py took 1.570 seconds
[2024-07-05T22:11:21.097+0000] {processor.py:161} INFO - Started process (PID=211) to work on /opt/airflow/dags/main.py
[2024-07-05T22:11:21.532+0000] {processor.py:830} INFO - Processing file /opt/airflow/dags/main.py for tasks to queue
[2024-07-05T22:11:21.537+0000] {logging_mixin.py:188} INFO - [2024-07-05T22:11:21.536+0000] {dagbag.py:545} INFO - Filling up the DagBag from /opt/airflow/dags/main.py
[2024-07-05T22:11:22.971+0000] {processor.py:840} INFO - DAG(s) 'Binance_ETL' retrieved from /opt/airflow/dags/main.py
[2024-07-05T22:11:23.001+0000] {logging_mixin.py:188} INFO - [2024-07-05T22:11:23.001+0000] {dag.py:3096} INFO - Sync 1 DAGs
[2024-07-05T22:11:23.029+0000] {logging_mixin.py:188} INFO - [2024-07-05T22:11:23.029+0000] {dag.py:3954} INFO - Setting next_dagrun for Binance_ETL to 2024-07-05 00:00:00+00:00, run_after=2024-07-06 00:00:00+00:00
[2024-07-05T22:11:23.084+0000] {processor.py:183} INFO - Processing /opt/airflow/dags/main.py took 2.002 seconds
[2024-07-05T22:11:53.313+0000] {processor.py:161} INFO - Started process (PID=220) to work on /opt/airflow/dags/main.py
[2024-07-05T22:11:53.333+0000] {processor.py:830} INFO - Processing file /opt/airflow/dags/main.py for tasks to queue
[2024-07-05T22:11:53.335+0000] {logging_mixin.py:188} INFO - [2024-07-05T22:11:53.335+0000] {dagbag.py:545} INFO - Filling up the DagBag from /opt/airflow/dags/main.py
[2024-07-05T22:11:54.783+0000] {processor.py:840} INFO - DAG(s) 'Binance_ETL' retrieved from /opt/airflow/dags/main.py
[2024-07-05T22:11:54.813+0000] {logging_mixin.py:188} INFO - [2024-07-05T22:11:54.813+0000] {dag.py:3096} INFO - Sync 1 DAGs
[2024-07-05T22:11:54.843+0000] {logging_mixin.py:188} INFO - [2024-07-05T22:11:54.843+0000] {dag.py:3954} INFO - Setting next_dagrun for Binance_ETL to 2024-07-05 00:00:00+00:00, run_after=2024-07-06 00:00:00+00:00
[2024-07-05T22:11:54.863+0000] {processor.py:183} INFO - Processing /opt/airflow/dags/main.py took 1.562 seconds
[2024-07-05T22:12:25.130+0000] {processor.py:161} INFO - Started process (PID=230) to work on /opt/airflow/dags/main.py
[2024-07-05T22:12:25.156+0000] {processor.py:830} INFO - Processing file /opt/airflow/dags/main.py for tasks to queue
[2024-07-05T22:12:25.164+0000] {logging_mixin.py:188} INFO - [2024-07-05T22:12:25.163+0000] {dagbag.py:545} INFO - Filling up the DagBag from /opt/airflow/dags/main.py
[2024-07-05T22:12:26.815+0000] {processor.py:840} INFO - DAG(s) 'Binance_ETL' retrieved from /opt/airflow/dags/main.py
[2024-07-05T22:12:26.853+0000] {logging_mixin.py:188} INFO - [2024-07-05T22:12:26.852+0000] {dag.py:3096} INFO - Sync 1 DAGs
[2024-07-05T22:12:26.885+0000] {logging_mixin.py:188} INFO - [2024-07-05T22:12:26.884+0000] {dag.py:3954} INFO - Setting next_dagrun for Binance_ETL to 2024-07-05 00:00:00+00:00, run_after=2024-07-06 00:00:00+00:00
[2024-07-05T22:12:26.956+0000] {processor.py:183} INFO - Processing /opt/airflow/dags/main.py took 1.862 seconds
[2024-07-05T22:12:57.250+0000] {processor.py:161} INFO - Started process (PID=239) to work on /opt/airflow/dags/main.py
[2024-07-05T22:12:57.252+0000] {processor.py:830} INFO - Processing file /opt/airflow/dags/main.py for tasks to queue
[2024-07-05T22:12:57.256+0000] {logging_mixin.py:188} INFO - [2024-07-05T22:12:57.256+0000] {dagbag.py:545} INFO - Filling up the DagBag from /opt/airflow/dags/main.py
[2024-07-05T22:12:58.781+0000] {processor.py:840} INFO - DAG(s) 'Binance_ETL' retrieved from /opt/airflow/dags/main.py
[2024-07-05T22:12:58.816+0000] {logging_mixin.py:188} INFO - [2024-07-05T22:12:58.815+0000] {dag.py:3096} INFO - Sync 1 DAGs
[2024-07-05T22:12:58.860+0000] {logging_mixin.py:188} INFO - [2024-07-05T22:12:58.859+0000] {dag.py:3954} INFO - Setting next_dagrun for Binance_ETL to 2024-07-05 00:00:00+00:00, run_after=2024-07-06 00:00:00+00:00
[2024-07-05T22:12:58.888+0000] {processor.py:183} INFO - Processing /opt/airflow/dags/main.py took 1.665 seconds
[2024-07-05T22:13:29.105+0000] {processor.py:161} INFO - Started process (PID=258) to work on /opt/airflow/dags/main.py
[2024-07-05T22:13:29.108+0000] {processor.py:830} INFO - Processing file /opt/airflow/dags/main.py for tasks to queue
[2024-07-05T22:13:29.111+0000] {logging_mixin.py:188} INFO - [2024-07-05T22:13:29.111+0000] {dagbag.py:545} INFO - Filling up the DagBag from /opt/airflow/dags/main.py
[2024-07-05T22:13:30.589+0000] {processor.py:840} INFO - DAG(s) 'Binance_ETL' retrieved from /opt/airflow/dags/main.py
[2024-07-05T22:13:30.619+0000] {logging_mixin.py:188} INFO - [2024-07-05T22:13:30.619+0000] {dag.py:3096} INFO - Sync 1 DAGs
[2024-07-05T22:13:30.648+0000] {logging_mixin.py:188} INFO - [2024-07-05T22:13:30.648+0000] {dag.py:3954} INFO - Setting next_dagrun for Binance_ETL to 2024-07-05 00:00:00+00:00, run_after=2024-07-06 00:00:00+00:00
[2024-07-05T22:13:30.679+0000] {processor.py:183} INFO - Processing /opt/airflow/dags/main.py took 1.585 seconds
[2024-07-05T22:14:00.931+0000] {processor.py:161} INFO - Started process (PID=267) to work on /opt/airflow/dags/main.py
[2024-07-05T22:14:00.933+0000] {processor.py:830} INFO - Processing file /opt/airflow/dags/main.py for tasks to queue
[2024-07-05T22:14:00.937+0000] {logging_mixin.py:188} INFO - [2024-07-05T22:14:00.936+0000] {dagbag.py:545} INFO - Filling up the DagBag from /opt/airflow/dags/main.py
[2024-07-05T22:14:02.398+0000] {processor.py:840} INFO - DAG(s) 'Binance_ETL' retrieved from /opt/airflow/dags/main.py
[2024-07-05T22:14:02.430+0000] {logging_mixin.py:188} INFO - [2024-07-05T22:14:02.429+0000] {dag.py:3096} INFO - Sync 1 DAGs
[2024-07-05T22:14:02.460+0000] {logging_mixin.py:188} INFO - [2024-07-05T22:14:02.460+0000] {dag.py:3954} INFO - Setting next_dagrun for Binance_ETL to 2024-07-05 00:00:00+00:00, run_after=2024-07-06 00:00:00+00:00
[2024-07-05T22:14:02.502+0000] {processor.py:183} INFO - Processing /opt/airflow/dags/main.py took 1.591 seconds
[2024-07-05T22:14:32.748+0000] {processor.py:161} INFO - Started process (PID=276) to work on /opt/airflow/dags/main.py
[2024-07-05T22:14:32.762+0000] {processor.py:830} INFO - Processing file /opt/airflow/dags/main.py for tasks to queue
[2024-07-05T22:14:32.770+0000] {logging_mixin.py:188} INFO - [2024-07-05T22:14:32.768+0000] {dagbag.py:545} INFO - Filling up the DagBag from /opt/airflow/dags/main.py
[2024-07-05T22:14:34.233+0000] {processor.py:840} INFO - DAG(s) 'Binance_ETL' retrieved from /opt/airflow/dags/main.py
[2024-07-05T22:14:34.263+0000] {logging_mixin.py:188} INFO - [2024-07-05T22:14:34.262+0000] {dag.py:3096} INFO - Sync 1 DAGs
[2024-07-05T22:14:34.293+0000] {logging_mixin.py:188} INFO - [2024-07-05T22:14:34.293+0000] {dag.py:3954} INFO - Setting next_dagrun for Binance_ETL to 2024-07-05 00:00:00+00:00, run_after=2024-07-06 00:00:00+00:00
[2024-07-05T22:14:34.333+0000] {processor.py:183} INFO - Processing /opt/airflow/dags/main.py took 1.607 seconds
[2024-07-05T22:15:04.558+0000] {processor.py:161} INFO - Started process (PID=285) to work on /opt/airflow/dags/main.py
[2024-07-05T22:15:04.560+0000] {processor.py:830} INFO - Processing file /opt/airflow/dags/main.py for tasks to queue
[2024-07-05T22:15:04.562+0000] {logging_mixin.py:188} INFO - [2024-07-05T22:15:04.562+0000] {dagbag.py:545} INFO - Filling up the DagBag from /opt/airflow/dags/main.py
[2024-07-05T22:15:06.023+0000] {processor.py:840} INFO - DAG(s) 'Binance_ETL' retrieved from /opt/airflow/dags/main.py
[2024-07-05T22:15:06.055+0000] {logging_mixin.py:188} INFO - [2024-07-05T22:15:06.054+0000] {dag.py:3096} INFO - Sync 1 DAGs
[2024-07-05T22:15:06.087+0000] {logging_mixin.py:188} INFO - [2024-07-05T22:15:06.087+0000] {dag.py:3954} INFO - Setting next_dagrun for Binance_ETL to 2024-07-05 00:00:00+00:00, run_after=2024-07-06 00:00:00+00:00
[2024-07-05T22:15:06.119+0000] {processor.py:183} INFO - Processing /opt/airflow/dags/main.py took 1.569 seconds
[2024-07-05T22:15:36.163+0000] {processor.py:161} INFO - Started process (PID=294) to work on /opt/airflow/dags/main.py
[2024-07-05T22:15:36.164+0000] {processor.py:830} INFO - Processing file /opt/airflow/dags/main.py for tasks to queue
[2024-07-05T22:15:36.166+0000] {logging_mixin.py:188} INFO - [2024-07-05T22:15:36.166+0000] {dagbag.py:545} INFO - Filling up the DagBag from /opt/airflow/dags/main.py
[2024-07-05T22:15:37.583+0000] {processor.py:840} INFO - DAG(s) 'Binance_ETL' retrieved from /opt/airflow/dags/main.py
[2024-07-05T22:15:37.619+0000] {logging_mixin.py:188} INFO - [2024-07-05T22:15:37.618+0000] {dag.py:3096} INFO - Sync 1 DAGs
[2024-07-05T22:15:37.650+0000] {logging_mixin.py:188} INFO - [2024-07-05T22:15:37.650+0000] {dag.py:3954} INFO - Setting next_dagrun for Binance_ETL to 2024-07-05 00:00:00+00:00, run_after=2024-07-06 00:00:00+00:00
[2024-07-05T22:15:37.690+0000] {processor.py:183} INFO - Processing /opt/airflow/dags/main.py took 1.535 seconds
[2024-07-05T22:16:07.932+0000] {processor.py:161} INFO - Started process (PID=303) to work on /opt/airflow/dags/main.py
[2024-07-05T22:16:07.933+0000] {processor.py:830} INFO - Processing file /opt/airflow/dags/main.py for tasks to queue
[2024-07-05T22:16:07.936+0000] {logging_mixin.py:188} INFO - [2024-07-05T22:16:07.935+0000] {dagbag.py:545} INFO - Filling up the DagBag from /opt/airflow/dags/main.py
[2024-07-05T22:16:09.453+0000] {processor.py:840} INFO - DAG(s) 'Binance_ETL' retrieved from /opt/airflow/dags/main.py
[2024-07-05T22:16:09.484+0000] {logging_mixin.py:188} INFO - [2024-07-05T22:16:09.483+0000] {dag.py:3096} INFO - Sync 1 DAGs
[2024-07-05T22:16:09.513+0000] {logging_mixin.py:188} INFO - [2024-07-05T22:16:09.513+0000] {dag.py:3954} INFO - Setting next_dagrun for Binance_ETL to 2024-07-05 00:00:00+00:00, run_after=2024-07-06 00:00:00+00:00
[2024-07-05T22:16:09.546+0000] {processor.py:183} INFO - Processing /opt/airflow/dags/main.py took 1.623 seconds
[2024-07-05T22:16:39.822+0000] {processor.py:161} INFO - Started process (PID=312) to work on /opt/airflow/dags/main.py
[2024-07-05T22:16:39.837+0000] {processor.py:830} INFO - Processing file /opt/airflow/dags/main.py for tasks to queue
[2024-07-05T22:16:39.845+0000] {logging_mixin.py:188} INFO - [2024-07-05T22:16:39.844+0000] {dagbag.py:545} INFO - Filling up the DagBag from /opt/airflow/dags/main.py
[2024-07-05T22:16:41.320+0000] {processor.py:840} INFO - DAG(s) 'Binance_ETL' retrieved from /opt/airflow/dags/main.py
[2024-07-05T22:16:41.350+0000] {logging_mixin.py:188} INFO - [2024-07-05T22:16:41.350+0000] {dag.py:3096} INFO - Sync 1 DAGs
[2024-07-05T22:16:41.380+0000] {logging_mixin.py:188} INFO - [2024-07-05T22:16:41.380+0000] {dag.py:3954} INFO - Setting next_dagrun for Binance_ETL to 2024-07-05 00:00:00+00:00, run_after=2024-07-06 00:00:00+00:00
[2024-07-05T22:16:41.417+0000] {processor.py:183} INFO - Processing /opt/airflow/dags/main.py took 1.622 seconds
[2024-07-05T22:17:11.647+0000] {processor.py:161} INFO - Started process (PID=321) to work on /opt/airflow/dags/main.py
[2024-07-05T22:17:11.659+0000] {processor.py:830} INFO - Processing file /opt/airflow/dags/main.py for tasks to queue
[2024-07-05T22:17:11.661+0000] {logging_mixin.py:188} INFO - [2024-07-05T22:17:11.661+0000] {dagbag.py:545} INFO - Filling up the DagBag from /opt/airflow/dags/main.py
[2024-07-05T22:17:13.279+0000] {processor.py:840} INFO - DAG(s) 'Binance_ETL' retrieved from /opt/airflow/dags/main.py
[2024-07-05T22:17:13.317+0000] {logging_mixin.py:188} INFO - [2024-07-05T22:17:13.316+0000] {dag.py:3096} INFO - Sync 1 DAGs
[2024-07-05T22:17:13.348+0000] {logging_mixin.py:188} INFO - [2024-07-05T22:17:13.348+0000] {dag.py:3954} INFO - Setting next_dagrun for Binance_ETL to 2024-07-05 00:00:00+00:00, run_after=2024-07-06 00:00:00+00:00
[2024-07-05T22:17:13.371+0000] {processor.py:183} INFO - Processing /opt/airflow/dags/main.py took 1.734 seconds
[2024-07-05T22:17:43.574+0000] {processor.py:161} INFO - Started process (PID=330) to work on /opt/airflow/dags/main.py
[2024-07-05T22:17:43.595+0000] {processor.py:830} INFO - Processing file /opt/airflow/dags/main.py for tasks to queue
[2024-07-05T22:17:43.597+0000] {logging_mixin.py:188} INFO - [2024-07-05T22:17:43.596+0000] {dagbag.py:545} INFO - Filling up the DagBag from /opt/airflow/dags/main.py
[2024-07-05T22:17:45.044+0000] {processor.py:840} INFO - DAG(s) 'Binance_ETL' retrieved from /opt/airflow/dags/main.py
[2024-07-05T22:17:45.075+0000] {logging_mixin.py:188} INFO - [2024-07-05T22:17:45.074+0000] {dag.py:3096} INFO - Sync 1 DAGs
[2024-07-05T22:17:45.106+0000] {logging_mixin.py:188} INFO - [2024-07-05T22:17:45.105+0000] {dag.py:3954} INFO - Setting next_dagrun for Binance_ETL to 2024-07-05 00:00:00+00:00, run_after=2024-07-06 00:00:00+00:00
[2024-07-05T22:17:45.126+0000] {processor.py:183} INFO - Processing /opt/airflow/dags/main.py took 1.566 seconds
[2024-07-05T22:18:15.389+0000] {processor.py:161} INFO - Started process (PID=343) to work on /opt/airflow/dags/main.py
[2024-07-05T22:18:15.391+0000] {processor.py:830} INFO - Processing file /opt/airflow/dags/main.py for tasks to queue
[2024-07-05T22:18:15.394+0000] {logging_mixin.py:188} INFO - [2024-07-05T22:18:15.393+0000] {dagbag.py:545} INFO - Filling up the DagBag from /opt/airflow/dags/main.py
[2024-07-05T22:18:16.874+0000] {processor.py:840} INFO - DAG(s) 'Binance_ETL' retrieved from /opt/airflow/dags/main.py
[2024-07-05T22:18:16.905+0000] {logging_mixin.py:188} INFO - [2024-07-05T22:18:16.904+0000] {dag.py:3096} INFO - Sync 1 DAGs
[2024-07-05T22:18:16.935+0000] {logging_mixin.py:188} INFO - [2024-07-05T22:18:16.935+0000] {dag.py:3954} INFO - Setting next_dagrun for Binance_ETL to 2024-07-05 00:00:00+00:00, run_after=2024-07-06 00:00:00+00:00
[2024-07-05T22:18:16.977+0000] {processor.py:183} INFO - Processing /opt/airflow/dags/main.py took 1.607 seconds
[2024-07-05T22:18:47.235+0000] {processor.py:161} INFO - Started process (PID=352) to work on /opt/airflow/dags/main.py
[2024-07-05T22:18:47.257+0000] {processor.py:830} INFO - Processing file /opt/airflow/dags/main.py for tasks to queue
[2024-07-05T22:18:47.260+0000] {logging_mixin.py:188} INFO - [2024-07-05T22:18:47.259+0000] {dagbag.py:545} INFO - Filling up the DagBag from /opt/airflow/dags/main.py
[2024-07-05T22:18:48.763+0000] {processor.py:840} INFO - DAG(s) 'Binance_ETL' retrieved from /opt/airflow/dags/main.py
[2024-07-05T22:18:48.795+0000] {logging_mixin.py:188} INFO - [2024-07-05T22:18:48.795+0000] {dag.py:3096} INFO - Sync 1 DAGs
[2024-07-05T22:18:48.824+0000] {logging_mixin.py:188} INFO - [2024-07-05T22:18:48.824+0000] {dag.py:3954} INFO - Setting next_dagrun for Binance_ETL to 2024-07-05 00:00:00+00:00, run_after=2024-07-06 00:00:00+00:00
[2024-07-05T22:18:48.882+0000] {processor.py:183} INFO - Processing /opt/airflow/dags/main.py took 1.663 seconds
[2024-07-05T22:19:19.135+0000] {processor.py:161} INFO - Started process (PID=361) to work on /opt/airflow/dags/main.py
[2024-07-05T22:19:19.135+0000] {processor.py:830} INFO - Processing file /opt/airflow/dags/main.py for tasks to queue
[2024-07-05T22:19:19.138+0000] {logging_mixin.py:188} INFO - [2024-07-05T22:19:19.138+0000] {dagbag.py:545} INFO - Filling up the DagBag from /opt/airflow/dags/main.py
[2024-07-05T22:19:20.602+0000] {processor.py:840} INFO - DAG(s) 'Binance_ETL' retrieved from /opt/airflow/dags/main.py
[2024-07-05T22:19:20.632+0000] {logging_mixin.py:188} INFO - [2024-07-05T22:19:20.631+0000] {dag.py:3096} INFO - Sync 1 DAGs
[2024-07-05T22:19:20.660+0000] {logging_mixin.py:188} INFO - [2024-07-05T22:19:20.660+0000] {dag.py:3954} INFO - Setting next_dagrun for Binance_ETL to 2024-07-05 00:00:00+00:00, run_after=2024-07-06 00:00:00+00:00
[2024-07-05T22:19:20.714+0000] {processor.py:183} INFO - Processing /opt/airflow/dags/main.py took 1.590 seconds
[2024-07-05T22:19:50.952+0000] {processor.py:161} INFO - Started process (PID=370) to work on /opt/airflow/dags/main.py
[2024-07-05T22:19:50.976+0000] {processor.py:830} INFO - Processing file /opt/airflow/dags/main.py for tasks to queue
[2024-07-05T22:19:50.983+0000] {logging_mixin.py:188} INFO - [2024-07-05T22:19:50.982+0000] {dagbag.py:545} INFO - Filling up the DagBag from /opt/airflow/dags/main.py
[2024-07-05T22:19:52.502+0000] {processor.py:840} INFO - DAG(s) 'Binance_ETL' retrieved from /opt/airflow/dags/main.py
[2024-07-05T22:19:52.532+0000] {logging_mixin.py:188} INFO - [2024-07-05T22:19:52.531+0000] {dag.py:3096} INFO - Sync 1 DAGs
[2024-07-05T22:19:52.565+0000] {logging_mixin.py:188} INFO - [2024-07-05T22:19:52.565+0000] {dag.py:3954} INFO - Setting next_dagrun for Binance_ETL to 2024-07-05 00:00:00+00:00, run_after=2024-07-06 00:00:00+00:00
[2024-07-05T22:19:52.592+0000] {processor.py:183} INFO - Processing /opt/airflow/dags/main.py took 1.648 seconds
[2024-07-05T22:20:22.870+0000] {processor.py:161} INFO - Started process (PID=380) to work on /opt/airflow/dags/main.py
[2024-07-05T22:20:22.872+0000] {processor.py:830} INFO - Processing file /opt/airflow/dags/main.py for tasks to queue
[2024-07-05T22:20:22.875+0000] {logging_mixin.py:188} INFO - [2024-07-05T22:20:22.874+0000] {dagbag.py:545} INFO - Filling up the DagBag from /opt/airflow/dags/main.py
[2024-07-05T22:20:24.388+0000] {processor.py:840} INFO - DAG(s) 'Binance_ETL' retrieved from /opt/airflow/dags/main.py
[2024-07-05T22:20:24.418+0000] {logging_mixin.py:188} INFO - [2024-07-05T22:20:24.418+0000] {dag.py:3096} INFO - Sync 1 DAGs
[2024-07-05T22:20:24.447+0000] {logging_mixin.py:188} INFO - [2024-07-05T22:20:24.446+0000] {dag.py:3954} INFO - Setting next_dagrun for Binance_ETL to 2024-07-05 00:00:00+00:00, run_after=2024-07-06 00:00:00+00:00
[2024-07-05T22:20:24.503+0000] {processor.py:183} INFO - Processing /opt/airflow/dags/main.py took 1.649 seconds
[2024-07-05T22:20:54.741+0000] {processor.py:161} INFO - Started process (PID=390) to work on /opt/airflow/dags/main.py
[2024-07-05T22:20:54.742+0000] {processor.py:830} INFO - Processing file /opt/airflow/dags/main.py for tasks to queue
[2024-07-05T22:20:54.744+0000] {logging_mixin.py:188} INFO - [2024-07-05T22:20:54.744+0000] {dagbag.py:545} INFO - Filling up the DagBag from /opt/airflow/dags/main.py
[2024-07-05T22:20:56.162+0000] {processor.py:840} INFO - DAG(s) 'Binance_ETL' retrieved from /opt/airflow/dags/main.py
[2024-07-05T22:20:56.192+0000] {logging_mixin.py:188} INFO - [2024-07-05T22:20:56.191+0000] {dag.py:3096} INFO - Sync 1 DAGs
[2024-07-05T22:20:56.226+0000] {logging_mixin.py:188} INFO - [2024-07-05T22:20:56.226+0000] {dag.py:3954} INFO - Setting next_dagrun for Binance_ETL to 2024-07-05 00:00:00+00:00, run_after=2024-07-06 00:00:00+00:00
[2024-07-05T22:20:56.289+0000] {processor.py:183} INFO - Processing /opt/airflow/dags/main.py took 1.556 seconds
[2024-07-05T22:21:26.545+0000] {processor.py:161} INFO - Started process (PID=399) to work on /opt/airflow/dags/main.py
[2024-07-05T22:21:26.546+0000] {processor.py:830} INFO - Processing file /opt/airflow/dags/main.py for tasks to queue
[2024-07-05T22:21:26.559+0000] {logging_mixin.py:188} INFO - [2024-07-05T22:21:26.558+0000] {dagbag.py:545} INFO - Filling up the DagBag from /opt/airflow/dags/main.py
[2024-07-05T22:21:28.100+0000] {processor.py:840} INFO - DAG(s) 'Binance_ETL' retrieved from /opt/airflow/dags/main.py
[2024-07-05T22:21:28.133+0000] {logging_mixin.py:188} INFO - [2024-07-05T22:21:28.133+0000] {dag.py:3096} INFO - Sync 1 DAGs
[2024-07-05T22:21:28.162+0000] {logging_mixin.py:188} INFO - [2024-07-05T22:21:28.162+0000] {dag.py:3954} INFO - Setting next_dagrun for Binance_ETL to 2024-07-05 00:00:00+00:00, run_after=2024-07-06 00:00:00+00:00
[2024-07-05T22:21:28.207+0000] {processor.py:183} INFO - Processing /opt/airflow/dags/main.py took 1.670 seconds
[2024-07-05T22:21:58.442+0000] {processor.py:161} INFO - Started process (PID=407) to work on /opt/airflow/dags/main.py
[2024-07-05T22:21:58.443+0000] {processor.py:830} INFO - Processing file /opt/airflow/dags/main.py for tasks to queue
[2024-07-05T22:21:58.445+0000] {logging_mixin.py:188} INFO - [2024-07-05T22:21:58.444+0000] {dagbag.py:545} INFO - Filling up the DagBag from /opt/airflow/dags/main.py
[2024-07-05T22:21:59.947+0000] {processor.py:840} INFO - DAG(s) 'Binance_ETL' retrieved from /opt/airflow/dags/main.py
[2024-07-05T22:21:59.979+0000] {logging_mixin.py:188} INFO - [2024-07-05T22:21:59.978+0000] {dag.py:3096} INFO - Sync 1 DAGs
[2024-07-05T22:22:00.010+0000] {logging_mixin.py:188} INFO - [2024-07-05T22:22:00.009+0000] {dag.py:3954} INFO - Setting next_dagrun for Binance_ETL to 2024-07-05 00:00:00+00:00, run_after=2024-07-06 00:00:00+00:00
[2024-07-05T22:22:00.057+0000] {processor.py:183} INFO - Processing /opt/airflow/dags/main.py took 1.624 seconds
[2024-07-05T22:22:30.329+0000] {processor.py:161} INFO - Started process (PID=416) to work on /opt/airflow/dags/main.py
[2024-07-05T22:22:30.353+0000] {processor.py:830} INFO - Processing file /opt/airflow/dags/main.py for tasks to queue
[2024-07-05T22:22:30.355+0000] {logging_mixin.py:188} INFO - [2024-07-05T22:22:30.354+0000] {dagbag.py:545} INFO - Filling up the DagBag from /opt/airflow/dags/main.py
[2024-07-05T22:22:31.959+0000] {processor.py:840} INFO - DAG(s) 'Binance_ETL' retrieved from /opt/airflow/dags/main.py
[2024-07-05T22:22:31.994+0000] {logging_mixin.py:188} INFO - [2024-07-05T22:22:31.993+0000] {dag.py:3096} INFO - Sync 1 DAGs
[2024-07-05T22:22:32.028+0000] {logging_mixin.py:188} INFO - [2024-07-05T22:22:32.028+0000] {dag.py:3954} INFO - Setting next_dagrun for Binance_ETL to 2024-07-05 00:00:00+00:00, run_after=2024-07-06 00:00:00+00:00
[2024-07-05T22:22:32.074+0000] {processor.py:183} INFO - Processing /opt/airflow/dags/main.py took 1.758 seconds
[2024-07-05T22:23:02.333+0000] {processor.py:161} INFO - Started process (PID=430) to work on /opt/airflow/dags/main.py
[2024-07-05T22:23:02.338+0000] {processor.py:830} INFO - Processing file /opt/airflow/dags/main.py for tasks to queue
[2024-07-05T22:23:02.341+0000] {logging_mixin.py:188} INFO - [2024-07-05T22:23:02.340+0000] {dagbag.py:545} INFO - Filling up the DagBag from /opt/airflow/dags/main.py
[2024-07-05T22:23:03.874+0000] {processor.py:840} INFO - DAG(s) 'Binance_ETL' retrieved from /opt/airflow/dags/main.py
[2024-07-05T22:23:03.904+0000] {logging_mixin.py:188} INFO - [2024-07-05T22:23:03.904+0000] {dag.py:3096} INFO - Sync 1 DAGs
[2024-07-05T22:23:03.933+0000] {logging_mixin.py:188} INFO - [2024-07-05T22:23:03.933+0000] {dag.py:3954} INFO - Setting next_dagrun for Binance_ETL to 2024-07-05 00:00:00+00:00, run_after=2024-07-06 00:00:00+00:00
[2024-07-05T22:23:03.986+0000] {processor.py:183} INFO - Processing /opt/airflow/dags/main.py took 1.661 seconds
[2024-07-05T22:23:34.107+0000] {processor.py:161} INFO - Started process (PID=439) to work on /opt/airflow/dags/main.py
[2024-07-05T22:23:34.108+0000] {processor.py:830} INFO - Processing file /opt/airflow/dags/main.py for tasks to queue
[2024-07-05T22:23:34.111+0000] {logging_mixin.py:188} INFO - [2024-07-05T22:23:34.110+0000] {dagbag.py:545} INFO - Filling up the DagBag from /opt/airflow/dags/main.py
[2024-07-05T22:23:35.549+0000] {processor.py:840} INFO - DAG(s) 'Binance_ETL' retrieved from /opt/airflow/dags/main.py
[2024-07-05T22:23:35.580+0000] {logging_mixin.py:188} INFO - [2024-07-05T22:23:35.580+0000] {dag.py:3096} INFO - Sync 1 DAGs
[2024-07-05T22:23:35.609+0000] {logging_mixin.py:188} INFO - [2024-07-05T22:23:35.608+0000] {dag.py:3954} INFO - Setting next_dagrun for Binance_ETL to 2024-07-05 00:00:00+00:00, run_after=2024-07-06 00:00:00+00:00
[2024-07-05T22:23:35.675+0000] {processor.py:183} INFO - Processing /opt/airflow/dags/main.py took 1.581 seconds
[2024-07-05T22:24:05.927+0000] {processor.py:161} INFO - Started process (PID=448) to work on /opt/airflow/dags/main.py
[2024-07-05T22:24:05.953+0000] {processor.py:830} INFO - Processing file /opt/airflow/dags/main.py for tasks to queue
[2024-07-05T22:24:05.961+0000] {logging_mixin.py:188} INFO - [2024-07-05T22:24:05.959+0000] {dagbag.py:545} INFO - Filling up the DagBag from /opt/airflow/dags/main.py
[2024-07-05T22:24:07.444+0000] {processor.py:840} INFO - DAG(s) 'Binance_ETL' retrieved from /opt/airflow/dags/main.py
[2024-07-05T22:24:07.474+0000] {logging_mixin.py:188} INFO - [2024-07-05T22:24:07.474+0000] {dag.py:3096} INFO - Sync 1 DAGs
[2024-07-05T22:24:07.505+0000] {logging_mixin.py:188} INFO - [2024-07-05T22:24:07.504+0000] {dag.py:3954} INFO - Setting next_dagrun for Binance_ETL to 2024-07-05 00:00:00+00:00, run_after=2024-07-06 00:00:00+00:00
[2024-07-05T22:24:07.552+0000] {processor.py:183} INFO - Processing /opt/airflow/dags/main.py took 1.649 seconds
[2024-07-05T22:24:37.685+0000] {processor.py:161} INFO - Started process (PID=457) to work on /opt/airflow/dags/main.py
[2024-07-05T22:24:37.687+0000] {processor.py:830} INFO - Processing file /opt/airflow/dags/main.py for tasks to queue
[2024-07-05T22:24:37.690+0000] {logging_mixin.py:188} INFO - [2024-07-05T22:24:37.689+0000] {dagbag.py:545} INFO - Filling up the DagBag from /opt/airflow/dags/main.py
[2024-07-05T22:24:39.167+0000] {processor.py:840} INFO - DAG(s) 'Binance_ETL' retrieved from /opt/airflow/dags/main.py
[2024-07-05T22:24:39.199+0000] {logging_mixin.py:188} INFO - [2024-07-05T22:24:39.198+0000] {dag.py:3096} INFO - Sync 1 DAGs
[2024-07-05T22:24:39.227+0000] {logging_mixin.py:188} INFO - [2024-07-05T22:24:39.227+0000] {dag.py:3954} INFO - Setting next_dagrun for Binance_ETL to 2024-07-05 00:00:00+00:00, run_after=2024-07-06 00:00:00+00:00
[2024-07-05T22:24:39.291+0000] {processor.py:183} INFO - Processing /opt/airflow/dags/main.py took 1.632 seconds
[2024-07-05T22:25:09.586+0000] {processor.py:161} INFO - Started process (PID=466) to work on /opt/airflow/dags/main.py
[2024-07-05T22:25:09.591+0000] {processor.py:830} INFO - Processing file /opt/airflow/dags/main.py for tasks to queue
[2024-07-05T22:25:09.601+0000] {logging_mixin.py:188} INFO - [2024-07-05T22:25:09.599+0000] {dagbag.py:545} INFO - Filling up the DagBag from /opt/airflow/dags/main.py
[2024-07-05T22:25:11.121+0000] {processor.py:840} INFO - DAG(s) 'Binance_ETL' retrieved from /opt/airflow/dags/main.py
[2024-07-05T22:25:11.152+0000] {logging_mixin.py:188} INFO - [2024-07-05T22:25:11.151+0000] {dag.py:3096} INFO - Sync 1 DAGs
[2024-07-05T22:25:11.182+0000] {logging_mixin.py:188} INFO - [2024-07-05T22:25:11.181+0000] {dag.py:3954} INFO - Setting next_dagrun for Binance_ETL to 2024-07-05 00:00:00+00:00, run_after=2024-07-06 00:00:00+00:00
[2024-07-05T22:25:11.201+0000] {processor.py:183} INFO - Processing /opt/airflow/dags/main.py took 1.648 seconds
[2024-07-05T22:25:41.437+0000] {processor.py:161} INFO - Started process (PID=475) to work on /opt/airflow/dags/main.py
[2024-07-05T22:25:41.438+0000] {processor.py:830} INFO - Processing file /opt/airflow/dags/main.py for tasks to queue
[2024-07-05T22:25:41.442+0000] {logging_mixin.py:188} INFO - [2024-07-05T22:25:41.441+0000] {dagbag.py:545} INFO - Filling up the DagBag from /opt/airflow/dags/main.py
[2024-07-05T22:25:42.927+0000] {processor.py:840} INFO - DAG(s) 'Binance_ETL' retrieved from /opt/airflow/dags/main.py
[2024-07-05T22:25:42.956+0000] {logging_mixin.py:188} INFO - [2024-07-05T22:25:42.956+0000] {dag.py:3096} INFO - Sync 1 DAGs
[2024-07-05T22:25:42.985+0000] {logging_mixin.py:188} INFO - [2024-07-05T22:25:42.985+0000] {dag.py:3954} INFO - Setting next_dagrun for Binance_ETL to 2024-07-05 00:00:00+00:00, run_after=2024-07-06 00:00:00+00:00
[2024-07-05T22:25:43.017+0000] {processor.py:183} INFO - Processing /opt/airflow/dags/main.py took 1.595 seconds
[2024-07-05T22:26:13.268+0000] {processor.py:161} INFO - Started process (PID=484) to work on /opt/airflow/dags/main.py
[2024-07-05T22:26:13.269+0000] {processor.py:830} INFO - Processing file /opt/airflow/dags/main.py for tasks to queue
[2024-07-05T22:26:13.272+0000] {logging_mixin.py:188} INFO - [2024-07-05T22:26:13.271+0000] {dagbag.py:545} INFO - Filling up the DagBag from /opt/airflow/dags/main.py
[2024-07-05T22:26:14.743+0000] {processor.py:840} INFO - DAG(s) 'Binance_ETL' retrieved from /opt/airflow/dags/main.py
[2024-07-05T22:26:14.774+0000] {logging_mixin.py:188} INFO - [2024-07-05T22:26:14.773+0000] {dag.py:3096} INFO - Sync 1 DAGs
[2024-07-05T22:26:14.803+0000] {logging_mixin.py:188} INFO - [2024-07-05T22:26:14.802+0000] {dag.py:3954} INFO - Setting next_dagrun for Binance_ETL to 2024-07-05 00:00:00+00:00, run_after=2024-07-06 00:00:00+00:00
[2024-07-05T22:26:14.830+0000] {processor.py:183} INFO - Processing /opt/airflow/dags/main.py took 1.572 seconds
[2024-07-05T22:26:45.047+0000] {processor.py:161} INFO - Started process (PID=492) to work on /opt/airflow/dags/main.py
[2024-07-05T22:26:45.051+0000] {processor.py:830} INFO - Processing file /opt/airflow/dags/main.py for tasks to queue
[2024-07-05T22:26:45.053+0000] {logging_mixin.py:188} INFO - [2024-07-05T22:26:45.053+0000] {dagbag.py:545} INFO - Filling up the DagBag from /opt/airflow/dags/main.py
[2024-07-05T22:26:46.517+0000] {processor.py:840} INFO - DAG(s) 'Binance_ETL' retrieved from /opt/airflow/dags/main.py
[2024-07-05T22:26:46.547+0000] {logging_mixin.py:188} INFO - [2024-07-05T22:26:46.547+0000] {dag.py:3096} INFO - Sync 1 DAGs
[2024-07-05T22:26:46.578+0000] {logging_mixin.py:188} INFO - [2024-07-05T22:26:46.577+0000] {dag.py:3954} INFO - Setting next_dagrun for Binance_ETL to 2024-07-05 00:00:00+00:00, run_after=2024-07-06 00:00:00+00:00
[2024-07-05T22:26:46.606+0000] {processor.py:183} INFO - Processing /opt/airflow/dags/main.py took 1.567 seconds
[2024-07-05T22:27:16.870+0000] {processor.py:161} INFO - Started process (PID=500) to work on /opt/airflow/dags/main.py
[2024-07-05T22:27:16.871+0000] {processor.py:830} INFO - Processing file /opt/airflow/dags/main.py for tasks to queue
[2024-07-05T22:27:16.874+0000] {logging_mixin.py:188} INFO - [2024-07-05T22:27:16.873+0000] {dagbag.py:545} INFO - Filling up the DagBag from /opt/airflow/dags/main.py
[2024-07-05T22:27:18.436+0000] {processor.py:840} INFO - DAG(s) 'Binance_ETL' retrieved from /opt/airflow/dags/main.py
[2024-07-05T22:27:18.468+0000] {logging_mixin.py:188} INFO - [2024-07-05T22:27:18.467+0000] {dag.py:3096} INFO - Sync 1 DAGs
[2024-07-05T22:27:18.498+0000] {logging_mixin.py:188} INFO - [2024-07-05T22:27:18.498+0000] {dag.py:3954} INFO - Setting next_dagrun for Binance_ETL to 2024-07-05 00:00:00+00:00, run_after=2024-07-06 00:00:00+00:00
[2024-07-05T22:27:18.523+0000] {processor.py:183} INFO - Processing /opt/airflow/dags/main.py took 1.662 seconds
[2024-07-05T22:27:48.760+0000] {processor.py:161} INFO - Started process (PID=509) to work on /opt/airflow/dags/main.py
[2024-07-05T22:27:48.764+0000] {processor.py:830} INFO - Processing file /opt/airflow/dags/main.py for tasks to queue
[2024-07-05T22:27:48.766+0000] {logging_mixin.py:188} INFO - [2024-07-05T22:27:48.766+0000] {dagbag.py:545} INFO - Filling up the DagBag from /opt/airflow/dags/main.py
[2024-07-05T22:27:50.263+0000] {processor.py:840} INFO - DAG(s) 'Binance_ETL' retrieved from /opt/airflow/dags/main.py
[2024-07-05T22:27:50.304+0000] {logging_mixin.py:188} INFO - [2024-07-05T22:27:50.304+0000] {dag.py:3096} INFO - Sync 1 DAGs
[2024-07-05T22:27:50.336+0000] {logging_mixin.py:188} INFO - [2024-07-05T22:27:50.336+0000] {dag.py:3954} INFO - Setting next_dagrun for Binance_ETL to 2024-07-05 00:00:00+00:00, run_after=2024-07-06 00:00:00+00:00
[2024-07-05T22:27:50.364+0000] {processor.py:183} INFO - Processing /opt/airflow/dags/main.py took 1.612 seconds
[2024-07-05T22:28:20.669+0000] {processor.py:161} INFO - Started process (PID=517) to work on /opt/airflow/dags/main.py
[2024-07-05T22:28:20.671+0000] {processor.py:830} INFO - Processing file /opt/airflow/dags/main.py for tasks to queue
[2024-07-05T22:28:20.675+0000] {logging_mixin.py:188} INFO - [2024-07-05T22:28:20.674+0000] {dagbag.py:545} INFO - Filling up the DagBag from /opt/airflow/dags/main.py
[2024-07-05T22:28:22.123+0000] {processor.py:840} INFO - DAG(s) 'Binance_ETL' retrieved from /opt/airflow/dags/main.py
[2024-07-05T22:28:22.160+0000] {logging_mixin.py:188} INFO - [2024-07-05T22:28:22.159+0000] {dag.py:3096} INFO - Sync 1 DAGs
[2024-07-05T22:28:22.192+0000] {logging_mixin.py:188} INFO - [2024-07-05T22:28:22.192+0000] {dag.py:3954} INFO - Setting next_dagrun for Binance_ETL to 2024-07-05 00:00:00+00:00, run_after=2024-07-06 00:00:00+00:00
[2024-07-05T22:28:22.220+0000] {processor.py:183} INFO - Processing /opt/airflow/dags/main.py took 1.576 seconds
[2024-07-05T22:28:52.484+0000] {processor.py:161} INFO - Started process (PID=525) to work on /opt/airflow/dags/main.py
[2024-07-05T22:28:52.489+0000] {processor.py:830} INFO - Processing file /opt/airflow/dags/main.py for tasks to queue
[2024-07-05T22:28:52.495+0000] {logging_mixin.py:188} INFO - [2024-07-05T22:28:52.494+0000] {dagbag.py:545} INFO - Filling up the DagBag from /opt/airflow/dags/main.py
[2024-07-05T22:28:53.954+0000] {processor.py:840} INFO - DAG(s) 'Binance_ETL' retrieved from /opt/airflow/dags/main.py
[2024-07-05T22:28:53.984+0000] {logging_mixin.py:188} INFO - [2024-07-05T22:28:53.984+0000] {dag.py:3096} INFO - Sync 1 DAGs
[2024-07-05T22:28:54.017+0000] {logging_mixin.py:188} INFO - [2024-07-05T22:28:54.017+0000] {dag.py:3954} INFO - Setting next_dagrun for Binance_ETL to 2024-07-05 00:00:00+00:00, run_after=2024-07-06 00:00:00+00:00
[2024-07-05T22:28:54.047+0000] {processor.py:183} INFO - Processing /opt/airflow/dags/main.py took 1.587 seconds
[2024-07-05T22:29:24.287+0000] {processor.py:161} INFO - Started process (PID=534) to work on /opt/airflow/dags/main.py
[2024-07-05T22:29:24.292+0000] {processor.py:830} INFO - Processing file /opt/airflow/dags/main.py for tasks to queue
[2024-07-05T22:29:24.295+0000] {logging_mixin.py:188} INFO - [2024-07-05T22:29:24.294+0000] {dagbag.py:545} INFO - Filling up the DagBag from /opt/airflow/dags/main.py
[2024-07-05T22:29:25.786+0000] {processor.py:840} INFO - DAG(s) 'Binance_ETL' retrieved from /opt/airflow/dags/main.py
[2024-07-05T22:29:25.816+0000] {logging_mixin.py:188} INFO - [2024-07-05T22:29:25.815+0000] {dag.py:3096} INFO - Sync 1 DAGs
[2024-07-05T22:29:25.844+0000] {logging_mixin.py:188} INFO - [2024-07-05T22:29:25.844+0000] {dag.py:3954} INFO - Setting next_dagrun for Binance_ETL to 2024-07-05 00:00:00+00:00, run_after=2024-07-06 00:00:00+00:00
[2024-07-05T22:29:25.874+0000] {processor.py:183} INFO - Processing /opt/airflow/dags/main.py took 1.597 seconds
[2024-07-05T22:29:56.138+0000] {processor.py:161} INFO - Started process (PID=542) to work on /opt/airflow/dags/main.py
[2024-07-05T22:29:56.144+0000] {processor.py:830} INFO - Processing file /opt/airflow/dags/main.py for tasks to queue
[2024-07-05T22:29:56.147+0000] {logging_mixin.py:188} INFO - [2024-07-05T22:29:56.146+0000] {dagbag.py:545} INFO - Filling up the DagBag from /opt/airflow/dags/main.py
[2024-07-05T22:29:57.613+0000] {processor.py:840} INFO - DAG(s) 'Binance_ETL' retrieved from /opt/airflow/dags/main.py
[2024-07-05T22:29:57.643+0000] {logging_mixin.py:188} INFO - [2024-07-05T22:29:57.642+0000] {dag.py:3096} INFO - Sync 1 DAGs
[2024-07-05T22:29:57.674+0000] {logging_mixin.py:188} INFO - [2024-07-05T22:29:57.674+0000] {dag.py:3954} INFO - Setting next_dagrun for Binance_ETL to 2024-07-05 00:00:00+00:00, run_after=2024-07-06 00:00:00+00:00
[2024-07-05T22:29:57.707+0000] {processor.py:183} INFO - Processing /opt/airflow/dags/main.py took 1.592 seconds
[2024-07-05T22:30:27.977+0000] {processor.py:161} INFO - Started process (PID=551) to work on /opt/airflow/dags/main.py
[2024-07-05T22:30:27.978+0000] {processor.py:830} INFO - Processing file /opt/airflow/dags/main.py for tasks to queue
[2024-07-05T22:30:27.982+0000] {logging_mixin.py:188} INFO - [2024-07-05T22:30:27.981+0000] {dagbag.py:545} INFO - Filling up the DagBag from /opt/airflow/dags/main.py
[2024-07-05T22:30:29.450+0000] {processor.py:840} INFO - DAG(s) 'Binance_ETL' retrieved from /opt/airflow/dags/main.py
[2024-07-05T22:30:29.487+0000] {logging_mixin.py:188} INFO - [2024-07-05T22:30:29.487+0000] {dag.py:3096} INFO - Sync 1 DAGs
[2024-07-05T22:30:29.520+0000] {logging_mixin.py:188} INFO - [2024-07-05T22:30:29.519+0000] {dag.py:3954} INFO - Setting next_dagrun for Binance_ETL to 2024-07-05 00:00:00+00:00, run_after=2024-07-06 00:00:00+00:00
[2024-07-05T22:30:29.550+0000] {processor.py:183} INFO - Processing /opt/airflow/dags/main.py took 1.596 seconds
[2024-07-05T22:30:59.823+0000] {processor.py:161} INFO - Started process (PID=559) to work on /opt/airflow/dags/main.py
[2024-07-05T22:30:59.830+0000] {processor.py:830} INFO - Processing file /opt/airflow/dags/main.py for tasks to queue
[2024-07-05T22:30:59.833+0000] {logging_mixin.py:188} INFO - [2024-07-05T22:30:59.832+0000] {dagbag.py:545} INFO - Filling up the DagBag from /opt/airflow/dags/main.py
[2024-07-05T22:31:01.293+0000] {processor.py:840} INFO - DAG(s) 'Binance_ETL' retrieved from /opt/airflow/dags/main.py
[2024-07-05T22:31:01.325+0000] {logging_mixin.py:188} INFO - [2024-07-05T22:31:01.324+0000] {dag.py:3096} INFO - Sync 1 DAGs
[2024-07-05T22:31:01.354+0000] {logging_mixin.py:188} INFO - [2024-07-05T22:31:01.354+0000] {dag.py:3954} INFO - Setting next_dagrun for Binance_ETL to 2024-07-05 00:00:00+00:00, run_after=2024-07-06 00:00:00+00:00
[2024-07-05T22:31:01.386+0000] {processor.py:183} INFO - Processing /opt/airflow/dags/main.py took 1.588 seconds
[2024-07-05T22:31:31.668+0000] {processor.py:161} INFO - Started process (PID=569) to work on /opt/airflow/dags/main.py
[2024-07-05T22:31:31.669+0000] {processor.py:830} INFO - Processing file /opt/airflow/dags/main.py for tasks to queue
[2024-07-05T22:31:31.672+0000] {logging_mixin.py:188} INFO - [2024-07-05T22:31:31.671+0000] {dagbag.py:545} INFO - Filling up the DagBag from /opt/airflow/dags/main.py
[2024-07-05T22:31:33.156+0000] {processor.py:840} INFO - DAG(s) 'Binance_ETL' retrieved from /opt/airflow/dags/main.py
[2024-07-05T22:31:33.186+0000] {logging_mixin.py:188} INFO - [2024-07-05T22:31:33.185+0000] {dag.py:3096} INFO - Sync 1 DAGs
[2024-07-05T22:31:33.214+0000] {logging_mixin.py:188} INFO - [2024-07-05T22:31:33.214+0000] {dag.py:3954} INFO - Setting next_dagrun for Binance_ETL to 2024-07-05 00:00:00+00:00, run_after=2024-07-06 00:00:00+00:00
[2024-07-05T22:31:33.240+0000] {processor.py:183} INFO - Processing /opt/airflow/dags/main.py took 1.597 seconds
[2024-07-05T22:32:03.501+0000] {processor.py:161} INFO - Started process (PID=578) to work on /opt/airflow/dags/main.py
[2024-07-05T22:32:03.508+0000] {processor.py:830} INFO - Processing file /opt/airflow/dags/main.py for tasks to queue
[2024-07-05T22:32:03.511+0000] {logging_mixin.py:188} INFO - [2024-07-05T22:32:03.510+0000] {dagbag.py:545} INFO - Filling up the DagBag from /opt/airflow/dags/main.py
[2024-07-05T22:32:05.027+0000] {processor.py:840} INFO - DAG(s) 'Binance_ETL' retrieved from /opt/airflow/dags/main.py
[2024-07-05T22:32:05.057+0000] {logging_mixin.py:188} INFO - [2024-07-05T22:32:05.056+0000] {dag.py:3096} INFO - Sync 1 DAGs
[2024-07-05T22:32:05.085+0000] {logging_mixin.py:188} INFO - [2024-07-05T22:32:05.085+0000] {dag.py:3954} INFO - Setting next_dagrun for Binance_ETL to 2024-07-05 00:00:00+00:00, run_after=2024-07-06 00:00:00+00:00
[2024-07-05T22:32:05.119+0000] {processor.py:183} INFO - Processing /opt/airflow/dags/main.py took 1.632 seconds
[2024-07-05T22:32:35.379+0000] {processor.py:161} INFO - Started process (PID=591) to work on /opt/airflow/dags/main.py
[2024-07-05T22:32:35.380+0000] {processor.py:830} INFO - Processing file /opt/airflow/dags/main.py for tasks to queue
[2024-07-05T22:32:35.382+0000] {logging_mixin.py:188} INFO - [2024-07-05T22:32:35.382+0000] {dagbag.py:545} INFO - Filling up the DagBag from /opt/airflow/dags/main.py
[2024-07-05T22:32:36.882+0000] {processor.py:840} INFO - DAG(s) 'Binance_ETL' retrieved from /opt/airflow/dags/main.py
[2024-07-05T22:32:36.912+0000] {logging_mixin.py:188} INFO - [2024-07-05T22:32:36.912+0000] {dag.py:3096} INFO - Sync 1 DAGs
[2024-07-05T22:32:36.942+0000] {logging_mixin.py:188} INFO - [2024-07-05T22:32:36.942+0000] {dag.py:3954} INFO - Setting next_dagrun for Binance_ETL to 2024-07-05 00:00:00+00:00, run_after=2024-07-06 00:00:00+00:00
[2024-07-05T22:32:36.973+0000] {processor.py:183} INFO - Processing /opt/airflow/dags/main.py took 1.605 seconds
[2024-07-05T22:33:07.211+0000] {processor.py:161} INFO - Started process (PID=600) to work on /opt/airflow/dags/main.py
[2024-07-05T22:33:07.218+0000] {processor.py:830} INFO - Processing file /opt/airflow/dags/main.py for tasks to queue
[2024-07-05T22:33:07.220+0000] {logging_mixin.py:188} INFO - [2024-07-05T22:33:07.220+0000] {dagbag.py:545} INFO - Filling up the DagBag from /opt/airflow/dags/main.py
[2024-07-05T22:33:08.708+0000] {processor.py:840} INFO - DAG(s) 'Binance_ETL' retrieved from /opt/airflow/dags/main.py
[2024-07-05T22:33:08.741+0000] {logging_mixin.py:188} INFO - [2024-07-05T22:33:08.740+0000] {dag.py:3096} INFO - Sync 1 DAGs
[2024-07-05T22:33:08.777+0000] {logging_mixin.py:188} INFO - [2024-07-05T22:33:08.777+0000] {dag.py:3954} INFO - Setting next_dagrun for Binance_ETL to 2024-07-05 00:00:00+00:00, run_after=2024-07-06 00:00:00+00:00
[2024-07-05T22:33:08.807+0000] {processor.py:183} INFO - Processing /opt/airflow/dags/main.py took 1.604 seconds
[2024-07-05T22:33:39.099+0000] {processor.py:161} INFO - Started process (PID=608) to work on /opt/airflow/dags/main.py
[2024-07-05T22:33:39.106+0000] {processor.py:830} INFO - Processing file /opt/airflow/dags/main.py for tasks to queue
[2024-07-05T22:33:39.110+0000] {logging_mixin.py:188} INFO - [2024-07-05T22:33:39.109+0000] {dagbag.py:545} INFO - Filling up the DagBag from /opt/airflow/dags/main.py
[2024-07-05T22:33:40.565+0000] {processor.py:840} INFO - DAG(s) 'Binance_ETL' retrieved from /opt/airflow/dags/main.py
[2024-07-05T22:33:40.603+0000] {logging_mixin.py:188} INFO - [2024-07-05T22:33:40.602+0000] {dag.py:3096} INFO - Sync 1 DAGs
[2024-07-05T22:33:40.637+0000] {logging_mixin.py:188} INFO - [2024-07-05T22:33:40.636+0000] {dag.py:3954} INFO - Setting next_dagrun for Binance_ETL to 2024-07-05 00:00:00+00:00, run_after=2024-07-06 00:00:00+00:00
[2024-07-05T22:33:40.695+0000] {processor.py:183} INFO - Processing /opt/airflow/dags/main.py took 1.612 seconds
[2024-07-05T22:34:10.999+0000] {processor.py:161} INFO - Started process (PID=617) to work on /opt/airflow/dags/main.py
[2024-07-05T22:34:11.015+0000] {processor.py:830} INFO - Processing file /opt/airflow/dags/main.py for tasks to queue
[2024-07-05T22:34:11.023+0000] {logging_mixin.py:188} INFO - [2024-07-05T22:34:11.021+0000] {dagbag.py:545} INFO - Filling up the DagBag from /opt/airflow/dags/main.py
[2024-07-05T22:34:12.493+0000] {processor.py:840} INFO - DAG(s) 'Binance_ETL' retrieved from /opt/airflow/dags/main.py
[2024-07-05T22:34:12.524+0000] {logging_mixin.py:188} INFO - [2024-07-05T22:34:12.523+0000] {dag.py:3096} INFO - Sync 1 DAGs
[2024-07-05T22:34:12.553+0000] {logging_mixin.py:188} INFO - [2024-07-05T22:34:12.552+0000] {dag.py:3954} INFO - Setting next_dagrun for Binance_ETL to 2024-07-05 00:00:00+00:00, run_after=2024-07-06 00:00:00+00:00
[2024-07-05T22:34:12.587+0000] {processor.py:183} INFO - Processing /opt/airflow/dags/main.py took 1.614 seconds
[2024-07-05T22:34:42.834+0000] {processor.py:161} INFO - Started process (PID=626) to work on /opt/airflow/dags/main.py
[2024-07-05T22:34:42.849+0000] {processor.py:830} INFO - Processing file /opt/airflow/dags/main.py for tasks to queue
[2024-07-05T22:34:42.852+0000] {logging_mixin.py:188} INFO - [2024-07-05T22:34:42.851+0000] {dagbag.py:545} INFO - Filling up the DagBag from /opt/airflow/dags/main.py
[2024-07-05T22:34:44.380+0000] {processor.py:840} INFO - DAG(s) 'Binance_ETL' retrieved from /opt/airflow/dags/main.py
[2024-07-05T22:34:44.415+0000] {logging_mixin.py:188} INFO - [2024-07-05T22:34:44.414+0000] {dag.py:3096} INFO - Sync 1 DAGs
[2024-07-05T22:34:44.446+0000] {logging_mixin.py:188} INFO - [2024-07-05T22:34:44.446+0000] {dag.py:3954} INFO - Setting next_dagrun for Binance_ETL to 2024-07-05 00:00:00+00:00, run_after=2024-07-06 00:00:00+00:00
[2024-07-05T22:34:44.481+0000] {processor.py:183} INFO - Processing /opt/airflow/dags/main.py took 1.659 seconds
[2024-07-05T22:35:14.778+0000] {processor.py:161} INFO - Started process (PID=635) to work on /opt/airflow/dags/main.py
[2024-07-05T22:35:14.796+0000] {processor.py:830} INFO - Processing file /opt/airflow/dags/main.py for tasks to queue
[2024-07-05T22:35:14.801+0000] {logging_mixin.py:188} INFO - [2024-07-05T22:35:14.800+0000] {dagbag.py:545} INFO - Filling up the DagBag from /opt/airflow/dags/main.py
[2024-07-05T22:35:16.304+0000] {processor.py:840} INFO - DAG(s) 'Binance_ETL' retrieved from /opt/airflow/dags/main.py
[2024-07-05T22:35:16.336+0000] {logging_mixin.py:188} INFO - [2024-07-05T22:35:16.335+0000] {dag.py:3096} INFO - Sync 1 DAGs
[2024-07-05T22:35:16.366+0000] {logging_mixin.py:188} INFO - [2024-07-05T22:35:16.365+0000] {dag.py:3954} INFO - Setting next_dagrun for Binance_ETL to 2024-07-05 00:00:00+00:00, run_after=2024-07-06 00:00:00+00:00
[2024-07-05T22:35:16.415+0000] {processor.py:183} INFO - Processing /opt/airflow/dags/main.py took 1.674 seconds
[2024-07-05T22:35:46.671+0000] {processor.py:161} INFO - Started process (PID=644) to work on /opt/airflow/dags/main.py
[2024-07-05T22:35:46.688+0000] {processor.py:830} INFO - Processing file /opt/airflow/dags/main.py for tasks to queue
[2024-07-05T22:35:46.696+0000] {logging_mixin.py:188} INFO - [2024-07-05T22:35:46.695+0000] {dagbag.py:545} INFO - Filling up the DagBag from /opt/airflow/dags/main.py
[2024-07-05T22:35:48.242+0000] {processor.py:840} INFO - DAG(s) 'Binance_ETL' retrieved from /opt/airflow/dags/main.py
[2024-07-05T22:35:48.273+0000] {logging_mixin.py:188} INFO - [2024-07-05T22:35:48.272+0000] {dag.py:3096} INFO - Sync 1 DAGs
[2024-07-05T22:35:48.304+0000] {logging_mixin.py:188} INFO - [2024-07-05T22:35:48.303+0000] {dag.py:3954} INFO - Setting next_dagrun for Binance_ETL to 2024-07-05 00:00:00+00:00, run_after=2024-07-06 00:00:00+00:00
[2024-07-05T22:35:48.345+0000] {processor.py:183} INFO - Processing /opt/airflow/dags/main.py took 1.691 seconds
[2024-07-05T22:36:18.623+0000] {processor.py:161} INFO - Started process (PID=653) to work on /opt/airflow/dags/main.py
[2024-07-05T22:36:18.640+0000] {processor.py:830} INFO - Processing file /opt/airflow/dags/main.py for tasks to queue
[2024-07-05T22:36:18.648+0000] {logging_mixin.py:188} INFO - [2024-07-05T22:36:18.646+0000] {dagbag.py:545} INFO - Filling up the DagBag from /opt/airflow/dags/main.py
[2024-07-05T22:36:20.128+0000] {processor.py:840} INFO - DAG(s) 'Binance_ETL' retrieved from /opt/airflow/dags/main.py
[2024-07-05T22:36:20.159+0000] {logging_mixin.py:188} INFO - [2024-07-05T22:36:20.158+0000] {dag.py:3096} INFO - Sync 1 DAGs
[2024-07-05T22:36:20.189+0000] {logging_mixin.py:188} INFO - [2024-07-05T22:36:20.189+0000] {dag.py:3954} INFO - Setting next_dagrun for Binance_ETL to 2024-07-05 00:00:00+00:00, run_after=2024-07-06 00:00:00+00:00
[2024-07-05T22:36:20.227+0000] {processor.py:183} INFO - Processing /opt/airflow/dags/main.py took 1.617 seconds
[2024-07-05T22:36:50.500+0000] {processor.py:161} INFO - Started process (PID=662) to work on /opt/airflow/dags/main.py
[2024-07-05T22:36:50.518+0000] {processor.py:830} INFO - Processing file /opt/airflow/dags/main.py for tasks to queue
[2024-07-05T22:36:50.526+0000] {logging_mixin.py:188} INFO - [2024-07-05T22:36:50.524+0000] {dagbag.py:545} INFO - Filling up the DagBag from /opt/airflow/dags/main.py
[2024-07-05T22:36:52.071+0000] {processor.py:840} INFO - DAG(s) 'Binance_ETL' retrieved from /opt/airflow/dags/main.py
[2024-07-05T22:36:52.102+0000] {logging_mixin.py:188} INFO - [2024-07-05T22:36:52.101+0000] {dag.py:3096} INFO - Sync 1 DAGs
[2024-07-05T22:36:52.130+0000] {logging_mixin.py:188} INFO - [2024-07-05T22:36:52.130+0000] {dag.py:3954} INFO - Setting next_dagrun for Binance_ETL to 2024-07-05 00:00:00+00:00, run_after=2024-07-06 00:00:00+00:00
[2024-07-05T22:36:52.183+0000] {processor.py:183} INFO - Processing /opt/airflow/dags/main.py took 1.707 seconds
[2024-07-05T22:37:22.398+0000] {processor.py:161} INFO - Started process (PID=671) to work on /opt/airflow/dags/main.py
[2024-07-05T22:37:22.401+0000] {processor.py:830} INFO - Processing file /opt/airflow/dags/main.py for tasks to queue
[2024-07-05T22:37:22.409+0000] {logging_mixin.py:188} INFO - [2024-07-05T22:37:22.408+0000] {dagbag.py:545} INFO - Filling up the DagBag from /opt/airflow/dags/main.py
[2024-07-05T22:37:23.893+0000] {processor.py:840} INFO - DAG(s) 'Binance_ETL' retrieved from /opt/airflow/dags/main.py
[2024-07-05T22:37:23.923+0000] {logging_mixin.py:188} INFO - [2024-07-05T22:37:23.923+0000] {dag.py:3096} INFO - Sync 1 DAGs
[2024-07-05T22:37:23.952+0000] {logging_mixin.py:188} INFO - [2024-07-05T22:37:23.952+0000] {dag.py:3954} INFO - Setting next_dagrun for Binance_ETL to 2024-07-05 00:00:00+00:00, run_after=2024-07-06 00:00:00+00:00
[2024-07-05T22:37:23.973+0000] {processor.py:183} INFO - Processing /opt/airflow/dags/main.py took 1.607 seconds
[2024-07-05T22:37:54.251+0000] {processor.py:161} INFO - Started process (PID=679) to work on /opt/airflow/dags/main.py
[2024-07-05T22:37:54.268+0000] {processor.py:830} INFO - Processing file /opt/airflow/dags/main.py for tasks to queue
[2024-07-05T22:37:54.277+0000] {logging_mixin.py:188} INFO - [2024-07-05T22:37:54.275+0000] {dagbag.py:545} INFO - Filling up the DagBag from /opt/airflow/dags/main.py
[2024-07-05T22:37:55.765+0000] {processor.py:840} INFO - DAG(s) 'Binance_ETL' retrieved from /opt/airflow/dags/main.py
[2024-07-05T22:37:55.795+0000] {logging_mixin.py:188} INFO - [2024-07-05T22:37:55.795+0000] {dag.py:3096} INFO - Sync 1 DAGs
[2024-07-05T22:37:55.824+0000] {logging_mixin.py:188} INFO - [2024-07-05T22:37:55.824+0000] {dag.py:3954} INFO - Setting next_dagrun for Binance_ETL to 2024-07-05 00:00:00+00:00, run_after=2024-07-06 00:00:00+00:00
[2024-07-05T22:37:55.880+0000] {processor.py:183} INFO - Processing /opt/airflow/dags/main.py took 1.638 seconds
[2024-07-05T22:38:26.142+0000] {processor.py:161} INFO - Started process (PID=687) to work on /opt/airflow/dags/main.py
[2024-07-05T22:38:26.160+0000] {processor.py:830} INFO - Processing file /opt/airflow/dags/main.py for tasks to queue
[2024-07-05T22:38:26.164+0000] {logging_mixin.py:188} INFO - [2024-07-05T22:38:26.164+0000] {dagbag.py:545} INFO - Filling up the DagBag from /opt/airflow/dags/main.py
[2024-07-05T22:38:27.645+0000] {processor.py:840} INFO - DAG(s) 'Binance_ETL' retrieved from /opt/airflow/dags/main.py
[2024-07-05T22:38:27.675+0000] {logging_mixin.py:188} INFO - [2024-07-05T22:38:27.674+0000] {dag.py:3096} INFO - Sync 1 DAGs
[2024-07-05T22:38:27.703+0000] {logging_mixin.py:188} INFO - [2024-07-05T22:38:27.703+0000] {dag.py:3954} INFO - Setting next_dagrun for Binance_ETL to 2024-07-05 00:00:00+00:00, run_after=2024-07-06 00:00:00+00:00
[2024-07-05T22:38:27.753+0000] {processor.py:183} INFO - Processing /opt/airflow/dags/main.py took 1.625 seconds
[2024-07-05T22:38:58.008+0000] {processor.py:161} INFO - Started process (PID=696) to work on /opt/airflow/dags/main.py
[2024-07-05T22:38:58.011+0000] {processor.py:830} INFO - Processing file /opt/airflow/dags/main.py for tasks to queue
[2024-07-05T22:38:58.016+0000] {logging_mixin.py:188} INFO - [2024-07-05T22:38:58.014+0000] {dagbag.py:545} INFO - Filling up the DagBag from /opt/airflow/dags/main.py
[2024-07-05T22:38:59.581+0000] {processor.py:840} INFO - DAG(s) 'Binance_ETL' retrieved from /opt/airflow/dags/main.py
[2024-07-05T22:38:59.612+0000] {logging_mixin.py:188} INFO - [2024-07-05T22:38:59.612+0000] {dag.py:3096} INFO - Sync 1 DAGs
[2024-07-05T22:38:59.644+0000] {logging_mixin.py:188} INFO - [2024-07-05T22:38:59.644+0000] {dag.py:3954} INFO - Setting next_dagrun for Binance_ETL to 2024-07-05 00:00:00+00:00, run_after=2024-07-06 00:00:00+00:00
[2024-07-05T22:38:59.667+0000] {processor.py:183} INFO - Processing /opt/airflow/dags/main.py took 1.672 seconds
[2024-07-05T22:39:29.875+0000] {processor.py:161} INFO - Started process (PID=705) to work on /opt/airflow/dags/main.py
[2024-07-05T22:39:29.896+0000] {processor.py:830} INFO - Processing file /opt/airflow/dags/main.py for tasks to queue
[2024-07-05T22:39:29.898+0000] {logging_mixin.py:188} INFO - [2024-07-05T22:39:29.898+0000] {dagbag.py:545} INFO - Filling up the DagBag from /opt/airflow/dags/main.py
[2024-07-05T22:39:31.320+0000] {processor.py:840} INFO - DAG(s) 'Binance_ETL' retrieved from /opt/airflow/dags/main.py
[2024-07-05T22:39:31.556+0000] {logging_mixin.py:188} INFO - [2024-07-05T22:39:31.555+0000] {dag.py:3096} INFO - Sync 1 DAGs
[2024-07-05T22:39:31.590+0000] {logging_mixin.py:188} INFO - [2024-07-05T22:39:31.589+0000] {dag.py:3954} INFO - Setting next_dagrun for Binance_ETL to 2024-07-05 00:00:00+00:00, run_after=2024-07-06 00:00:00+00:00
[2024-07-05T22:39:31.646+0000] {processor.py:183} INFO - Processing /opt/airflow/dags/main.py took 1.779 seconds
[2024-07-05T22:40:01.802+0000] {processor.py:161} INFO - Started process (PID=714) to work on /opt/airflow/dags/main.py
[2024-07-05T22:40:01.825+0000] {processor.py:830} INFO - Processing file /opt/airflow/dags/main.py for tasks to queue
[2024-07-05T22:40:01.832+0000] {logging_mixin.py:188} INFO - [2024-07-05T22:40:01.831+0000] {dagbag.py:545} INFO - Filling up the DagBag from /opt/airflow/dags/main.py
[2024-07-05T22:40:03.289+0000] {processor.py:840} INFO - DAG(s) 'Binance_ETL' retrieved from /opt/airflow/dags/main.py
[2024-07-05T22:40:03.320+0000] {logging_mixin.py:188} INFO - [2024-07-05T22:40:03.319+0000] {dag.py:3096} INFO - Sync 1 DAGs
[2024-07-05T22:40:03.348+0000] {logging_mixin.py:188} INFO - [2024-07-05T22:40:03.348+0000] {dag.py:3954} INFO - Setting next_dagrun for Binance_ETL to 2024-07-05 00:00:00+00:00, run_after=2024-07-06 00:00:00+00:00
[2024-07-05T22:40:03.403+0000] {processor.py:183} INFO - Processing /opt/airflow/dags/main.py took 1.624 seconds
[2024-07-05T22:40:33.687+0000] {processor.py:161} INFO - Started process (PID=723) to work on /opt/airflow/dags/main.py
[2024-07-05T22:40:33.689+0000] {processor.py:830} INFO - Processing file /opt/airflow/dags/main.py for tasks to queue
[2024-07-05T22:40:33.694+0000] {logging_mixin.py:188} INFO - [2024-07-05T22:40:33.693+0000] {dagbag.py:545} INFO - Filling up the DagBag from /opt/airflow/dags/main.py
[2024-07-05T22:40:35.289+0000] {processor.py:840} INFO - DAG(s) 'Binance_ETL' retrieved from /opt/airflow/dags/main.py
[2024-07-05T22:40:35.320+0000] {logging_mixin.py:188} INFO - [2024-07-05T22:40:35.319+0000] {dag.py:3096} INFO - Sync 1 DAGs
[2024-07-05T22:40:35.349+0000] {logging_mixin.py:188} INFO - [2024-07-05T22:40:35.348+0000] {dag.py:3954} INFO - Setting next_dagrun for Binance_ETL to 2024-07-05 00:00:00+00:00, run_after=2024-07-06 00:00:00+00:00
[2024-07-05T22:40:35.417+0000] {processor.py:183} INFO - Processing /opt/airflow/dags/main.py took 1.759 seconds
[2024-07-05T22:41:05.718+0000] {processor.py:161} INFO - Started process (PID=732) to work on /opt/airflow/dags/main.py
[2024-07-05T22:41:05.732+0000] {processor.py:830} INFO - Processing file /opt/airflow/dags/main.py for tasks to queue
[2024-07-05T22:41:05.739+0000] {logging_mixin.py:188} INFO - [2024-07-05T22:41:05.738+0000] {dagbag.py:545} INFO - Filling up the DagBag from /opt/airflow/dags/main.py
[2024-07-05T22:41:07.419+0000] {processor.py:840} INFO - DAG(s) 'Binance_ETL' retrieved from /opt/airflow/dags/main.py
[2024-07-05T22:41:07.449+0000] {logging_mixin.py:188} INFO - [2024-07-05T22:41:07.449+0000] {dag.py:3096} INFO - Sync 1 DAGs
[2024-07-05T22:41:07.479+0000] {logging_mixin.py:188} INFO - [2024-07-05T22:41:07.478+0000] {dag.py:3954} INFO - Setting next_dagrun for Binance_ETL to 2024-07-05 00:00:00+00:00, run_after=2024-07-06 00:00:00+00:00
[2024-07-05T22:41:07.514+0000] {processor.py:183} INFO - Processing /opt/airflow/dags/main.py took 1.815 seconds
[2024-07-05T22:41:37.584+0000] {processor.py:161} INFO - Started process (PID=747) to work on /opt/airflow/dags/main.py
[2024-07-05T22:41:37.586+0000] {processor.py:830} INFO - Processing file /opt/airflow/dags/main.py for tasks to queue
[2024-07-05T22:41:37.590+0000] {logging_mixin.py:188} INFO - [2024-07-05T22:41:37.589+0000] {dagbag.py:545} INFO - Filling up the DagBag from /opt/airflow/dags/main.py
[2024-07-05T22:41:39.039+0000] {processor.py:840} INFO - DAG(s) 'Binance_ETL' retrieved from /opt/airflow/dags/main.py
[2024-07-05T22:41:39.069+0000] {logging_mixin.py:188} INFO - [2024-07-05T22:41:39.068+0000] {dag.py:3096} INFO - Sync 1 DAGs
[2024-07-05T22:41:39.097+0000] {logging_mixin.py:188} INFO - [2024-07-05T22:41:39.096+0000] {dag.py:3954} INFO - Setting next_dagrun for Binance_ETL to 2024-07-05 00:00:00+00:00, run_after=2024-07-06 00:00:00+00:00
[2024-07-05T22:41:39.129+0000] {processor.py:183} INFO - Processing /opt/airflow/dags/main.py took 1.571 seconds
[2024-07-05T22:42:09.412+0000] {processor.py:161} INFO - Started process (PID=756) to work on /opt/airflow/dags/main.py
[2024-07-05T22:42:09.424+0000] {processor.py:830} INFO - Processing file /opt/airflow/dags/main.py for tasks to queue
[2024-07-05T22:42:09.437+0000] {logging_mixin.py:188} INFO - [2024-07-05T22:42:09.435+0000] {dagbag.py:545} INFO - Filling up the DagBag from /opt/airflow/dags/main.py
[2024-07-05T22:42:10.954+0000] {processor.py:840} INFO - DAG(s) 'Binance_ETL' retrieved from /opt/airflow/dags/main.py
[2024-07-05T22:42:10.984+0000] {logging_mixin.py:188} INFO - [2024-07-05T22:42:10.984+0000] {dag.py:3096} INFO - Sync 1 DAGs
[2024-07-05T22:42:11.014+0000] {logging_mixin.py:188} INFO - [2024-07-05T22:42:11.014+0000] {dag.py:3954} INFO - Setting next_dagrun for Binance_ETL to 2024-07-05 00:00:00+00:00, run_after=2024-07-06 00:00:00+00:00
[2024-07-05T22:42:11.050+0000] {processor.py:183} INFO - Processing /opt/airflow/dags/main.py took 1.666 seconds
[2024-07-05T22:42:41.237+0000] {processor.py:161} INFO - Started process (PID=765) to work on /opt/airflow/dags/main.py
[2024-07-05T22:42:41.238+0000] {processor.py:830} INFO - Processing file /opt/airflow/dags/main.py for tasks to queue
[2024-07-05T22:42:41.242+0000] {logging_mixin.py:188} INFO - [2024-07-05T22:42:41.242+0000] {dagbag.py:545} INFO - Filling up the DagBag from /opt/airflow/dags/main.py
[2024-07-05T22:42:42.698+0000] {processor.py:840} INFO - DAG(s) 'Binance_ETL' retrieved from /opt/airflow/dags/main.py
[2024-07-05T22:42:42.729+0000] {logging_mixin.py:188} INFO - [2024-07-05T22:42:42.728+0000] {dag.py:3096} INFO - Sync 1 DAGs
[2024-07-05T22:42:42.757+0000] {logging_mixin.py:188} INFO - [2024-07-05T22:42:42.757+0000] {dag.py:3954} INFO - Setting next_dagrun for Binance_ETL to 2024-07-05 00:00:00+00:00, run_after=2024-07-06 00:00:00+00:00
[2024-07-05T22:42:42.795+0000] {processor.py:183} INFO - Processing /opt/airflow/dags/main.py took 1.584 seconds
[2024-07-05T22:43:13.067+0000] {processor.py:161} INFO - Started process (PID=774) to work on /opt/airflow/dags/main.py
[2024-07-05T22:43:13.068+0000] {processor.py:830} INFO - Processing file /opt/airflow/dags/main.py for tasks to queue
[2024-07-05T22:43:13.070+0000] {logging_mixin.py:188} INFO - [2024-07-05T22:43:13.070+0000] {dagbag.py:545} INFO - Filling up the DagBag from /opt/airflow/dags/main.py
[2024-07-05T22:43:14.523+0000] {processor.py:840} INFO - DAG(s) 'Binance_ETL' retrieved from /opt/airflow/dags/main.py
[2024-07-05T22:43:14.553+0000] {logging_mixin.py:188} INFO - [2024-07-05T22:43:14.552+0000] {dag.py:3096} INFO - Sync 1 DAGs
[2024-07-05T22:43:14.581+0000] {logging_mixin.py:188} INFO - [2024-07-05T22:43:14.581+0000] {dag.py:3954} INFO - Setting next_dagrun for Binance_ETL to 2024-07-05 00:00:00+00:00, run_after=2024-07-06 00:00:00+00:00
[2024-07-05T22:43:14.619+0000] {processor.py:183} INFO - Processing /opt/airflow/dags/main.py took 1.570 seconds
[2024-07-05T22:43:44.773+0000] {processor.py:161} INFO - Started process (PID=783) to work on /opt/airflow/dags/main.py
[2024-07-05T22:43:44.774+0000] {processor.py:830} INFO - Processing file /opt/airflow/dags/main.py for tasks to queue
[2024-07-05T22:43:44.777+0000] {logging_mixin.py:188} INFO - [2024-07-05T22:43:44.777+0000] {dagbag.py:545} INFO - Filling up the DagBag from /opt/airflow/dags/main.py
[2024-07-05T22:43:46.235+0000] {processor.py:840} INFO - DAG(s) 'Binance_ETL' retrieved from /opt/airflow/dags/main.py
[2024-07-05T22:43:46.265+0000] {logging_mixin.py:188} INFO - [2024-07-05T22:43:46.264+0000] {dag.py:3096} INFO - Sync 1 DAGs
[2024-07-05T22:43:46.293+0000] {logging_mixin.py:188} INFO - [2024-07-05T22:43:46.293+0000] {dag.py:3954} INFO - Setting next_dagrun for Binance_ETL to 2024-07-05 00:00:00+00:00, run_after=2024-07-06 00:00:00+00:00
[2024-07-05T22:43:46.341+0000] {processor.py:183} INFO - Processing /opt/airflow/dags/main.py took 1.590 seconds
[2024-07-05T22:44:16.579+0000] {processor.py:161} INFO - Started process (PID=792) to work on /opt/airflow/dags/main.py
[2024-07-05T22:44:16.581+0000] {processor.py:830} INFO - Processing file /opt/airflow/dags/main.py for tasks to queue
[2024-07-05T22:44:16.583+0000] {logging_mixin.py:188} INFO - [2024-07-05T22:44:16.583+0000] {dagbag.py:545} INFO - Filling up the DagBag from /opt/airflow/dags/main.py
[2024-07-05T22:44:18.096+0000] {processor.py:840} INFO - DAG(s) 'Binance_ETL' retrieved from /opt/airflow/dags/main.py
[2024-07-05T22:44:18.127+0000] {logging_mixin.py:188} INFO - [2024-07-05T22:44:18.126+0000] {dag.py:3096} INFO - Sync 1 DAGs
[2024-07-05T22:44:18.157+0000] {logging_mixin.py:188} INFO - [2024-07-05T22:44:18.157+0000] {dag.py:3954} INFO - Setting next_dagrun for Binance_ETL to 2024-07-05 00:00:00+00:00, run_after=2024-07-06 00:00:00+00:00
[2024-07-05T22:44:18.181+0000] {processor.py:183} INFO - Processing /opt/airflow/dags/main.py took 1.611 seconds
[2024-07-05T22:44:48.342+0000] {processor.py:161} INFO - Started process (PID=801) to work on /opt/airflow/dags/main.py
[2024-07-05T22:44:48.344+0000] {processor.py:830} INFO - Processing file /opt/airflow/dags/main.py for tasks to queue
[2024-07-05T22:44:48.346+0000] {logging_mixin.py:188} INFO - [2024-07-05T22:44:48.345+0000] {dagbag.py:545} INFO - Filling up the DagBag from /opt/airflow/dags/main.py
[2024-07-05T22:44:49.978+0000] {processor.py:840} INFO - DAG(s) 'Binance_ETL' retrieved from /opt/airflow/dags/main.py
[2024-07-05T22:44:50.014+0000] {logging_mixin.py:188} INFO - [2024-07-05T22:44:50.014+0000] {dag.py:3096} INFO - Sync 1 DAGs
[2024-07-05T22:44:50.047+0000] {logging_mixin.py:188} INFO - [2024-07-05T22:44:50.047+0000] {dag.py:3954} INFO - Setting next_dagrun for Binance_ETL to 2024-07-05 00:00:00+00:00, run_after=2024-07-06 00:00:00+00:00
[2024-07-05T22:44:50.083+0000] {processor.py:183} INFO - Processing /opt/airflow/dags/main.py took 1.750 seconds
[2024-07-05T22:45:20.384+0000] {processor.py:161} INFO - Started process (PID=810) to work on /opt/airflow/dags/main.py
[2024-07-05T22:45:20.401+0000] {processor.py:830} INFO - Processing file /opt/airflow/dags/main.py for tasks to queue
[2024-07-05T22:45:20.403+0000] {logging_mixin.py:188} INFO - [2024-07-05T22:45:20.402+0000] {dagbag.py:545} INFO - Filling up the DagBag from /opt/airflow/dags/main.py
[2024-07-05T22:45:21.960+0000] {processor.py:840} INFO - DAG(s) 'Binance_ETL' retrieved from /opt/airflow/dags/main.py
[2024-07-05T22:45:22.001+0000] {logging_mixin.py:188} INFO - [2024-07-05T22:45:22.000+0000] {dag.py:3096} INFO - Sync 1 DAGs
[2024-07-05T22:45:22.039+0000] {logging_mixin.py:188} INFO - [2024-07-05T22:45:22.039+0000] {dag.py:3954} INFO - Setting next_dagrun for Binance_ETL to 2024-07-05 00:00:00+00:00, run_after=2024-07-06 00:00:00+00:00
[2024-07-05T22:45:22.068+0000] {processor.py:183} INFO - Processing /opt/airflow/dags/main.py took 1.693 seconds
[2024-07-05T22:45:52.321+0000] {processor.py:161} INFO - Started process (PID=818) to work on /opt/airflow/dags/main.py
[2024-07-05T22:45:52.339+0000] {processor.py:830} INFO - Processing file /opt/airflow/dags/main.py for tasks to queue
[2024-07-05T22:45:52.347+0000] {logging_mixin.py:188} INFO - [2024-07-05T22:45:52.346+0000] {dagbag.py:545} INFO - Filling up the DagBag from /opt/airflow/dags/main.py
[2024-07-05T22:45:53.809+0000] {processor.py:840} INFO - DAG(s) 'Binance_ETL' retrieved from /opt/airflow/dags/main.py
[2024-07-05T22:45:53.841+0000] {logging_mixin.py:188} INFO - [2024-07-05T22:45:53.840+0000] {dag.py:3096} INFO - Sync 1 DAGs
[2024-07-05T22:45:53.869+0000] {logging_mixin.py:188} INFO - [2024-07-05T22:45:53.869+0000] {dag.py:3954} INFO - Setting next_dagrun for Binance_ETL to 2024-07-05 00:00:00+00:00, run_after=2024-07-06 00:00:00+00:00
[2024-07-05T22:45:53.903+0000] {processor.py:183} INFO - Processing /opt/airflow/dags/main.py took 1.600 seconds
[2024-07-05T22:46:24.249+0000] {processor.py:161} INFO - Started process (PID=827) to work on /opt/airflow/dags/main.py
[2024-07-05T22:46:24.253+0000] {processor.py:830} INFO - Processing file /opt/airflow/dags/main.py for tasks to queue
[2024-07-05T22:46:24.261+0000] {logging_mixin.py:188} INFO - [2024-07-05T22:46:24.260+0000] {dagbag.py:545} INFO - Filling up the DagBag from /opt/airflow/dags/main.py
[2024-07-05T22:46:25.810+0000] {processor.py:840} INFO - DAG(s) 'Binance_ETL' retrieved from /opt/airflow/dags/main.py
[2024-07-05T22:46:25.843+0000] {logging_mixin.py:188} INFO - [2024-07-05T22:46:25.842+0000] {dag.py:3096} INFO - Sync 1 DAGs
[2024-07-05T22:46:25.873+0000] {logging_mixin.py:188} INFO - [2024-07-05T22:46:25.872+0000] {dag.py:3954} INFO - Setting next_dagrun for Binance_ETL to 2024-07-05 00:00:00+00:00, run_after=2024-07-06 00:00:00+00:00
[2024-07-05T22:46:25.918+0000] {processor.py:183} INFO - Processing /opt/airflow/dags/main.py took 1.708 seconds
[2024-07-05T22:46:56.188+0000] {processor.py:161} INFO - Started process (PID=836) to work on /opt/airflow/dags/main.py
[2024-07-05T22:46:56.207+0000] {processor.py:830} INFO - Processing file /opt/airflow/dags/main.py for tasks to queue
[2024-07-05T22:46:56.217+0000] {logging_mixin.py:188} INFO - [2024-07-05T22:46:56.215+0000] {dagbag.py:545} INFO - Filling up the DagBag from /opt/airflow/dags/main.py
[2024-07-05T22:46:57.706+0000] {processor.py:840} INFO - DAG(s) 'Binance_ETL' retrieved from /opt/airflow/dags/main.py
[2024-07-05T22:46:57.737+0000] {logging_mixin.py:188} INFO - [2024-07-05T22:46:57.736+0000] {dag.py:3096} INFO - Sync 1 DAGs
[2024-07-05T22:46:57.765+0000] {logging_mixin.py:188} INFO - [2024-07-05T22:46:57.765+0000] {dag.py:3954} INFO - Setting next_dagrun for Binance_ETL to 2024-07-05 00:00:00+00:00, run_after=2024-07-06 00:00:00+00:00
[2024-07-05T22:46:57.806+0000] {processor.py:183} INFO - Processing /opt/airflow/dags/main.py took 1.643 seconds
[2024-07-05T22:47:28.012+0000] {processor.py:161} INFO - Started process (PID=845) to work on /opt/airflow/dags/main.py
[2024-07-05T22:47:28.032+0000] {processor.py:830} INFO - Processing file /opt/airflow/dags/main.py for tasks to queue
[2024-07-05T22:47:28.039+0000] {logging_mixin.py:188} INFO - [2024-07-05T22:47:28.038+0000] {dagbag.py:545} INFO - Filling up the DagBag from /opt/airflow/dags/main.py
[2024-07-05T22:47:29.509+0000] {processor.py:840} INFO - DAG(s) 'Binance_ETL' retrieved from /opt/airflow/dags/main.py
[2024-07-05T22:47:29.539+0000] {logging_mixin.py:188} INFO - [2024-07-05T22:47:29.538+0000] {dag.py:3096} INFO - Sync 1 DAGs
[2024-07-05T22:47:29.568+0000] {logging_mixin.py:188} INFO - [2024-07-05T22:47:29.567+0000] {dag.py:3954} INFO - Setting next_dagrun for Binance_ETL to 2024-07-05 00:00:00+00:00, run_after=2024-07-06 00:00:00+00:00
[2024-07-05T22:47:29.617+0000] {processor.py:183} INFO - Processing /opt/airflow/dags/main.py took 1.631 seconds
[2024-07-05T22:47:59.903+0000] {processor.py:161} INFO - Started process (PID=854) to work on /opt/airflow/dags/main.py
[2024-07-05T22:47:59.904+0000] {processor.py:830} INFO - Processing file /opt/airflow/dags/main.py for tasks to queue
[2024-07-05T22:47:59.906+0000] {logging_mixin.py:188} INFO - [2024-07-05T22:47:59.906+0000] {dagbag.py:545} INFO - Filling up the DagBag from /opt/airflow/dags/main.py
[2024-07-05T22:48:01.380+0000] {processor.py:840} INFO - DAG(s) 'Binance_ETL' retrieved from /opt/airflow/dags/main.py
[2024-07-05T22:48:01.410+0000] {logging_mixin.py:188} INFO - [2024-07-05T22:48:01.410+0000] {dag.py:3096} INFO - Sync 1 DAGs
[2024-07-05T22:48:01.441+0000] {logging_mixin.py:188} INFO - [2024-07-05T22:48:01.440+0000] {dag.py:3954} INFO - Setting next_dagrun for Binance_ETL to 2024-07-05 00:00:00+00:00, run_after=2024-07-06 00:00:00+00:00
[2024-07-05T22:48:01.474+0000] {processor.py:183} INFO - Processing /opt/airflow/dags/main.py took 1.580 seconds
[2024-07-05T22:48:31.767+0000] {processor.py:161} INFO - Started process (PID=863) to work on /opt/airflow/dags/main.py
[2024-07-05T22:48:31.791+0000] {processor.py:830} INFO - Processing file /opt/airflow/dags/main.py for tasks to queue
[2024-07-05T22:48:31.799+0000] {logging_mixin.py:188} INFO - [2024-07-05T22:48:31.797+0000] {dagbag.py:545} INFO - Filling up the DagBag from /opt/airflow/dags/main.py
[2024-07-05T22:48:33.317+0000] {processor.py:840} INFO - DAG(s) 'Binance_ETL' retrieved from /opt/airflow/dags/main.py
[2024-07-05T22:48:33.348+0000] {logging_mixin.py:188} INFO - [2024-07-05T22:48:33.347+0000] {dag.py:3096} INFO - Sync 1 DAGs
[2024-07-05T22:48:33.378+0000] {logging_mixin.py:188} INFO - [2024-07-05T22:48:33.378+0000] {dag.py:3954} INFO - Setting next_dagrun for Binance_ETL to 2024-07-05 00:00:00+00:00, run_after=2024-07-06 00:00:00+00:00
[2024-07-05T22:48:33.422+0000] {processor.py:183} INFO - Processing /opt/airflow/dags/main.py took 1.685 seconds
[2024-07-05T22:49:03.680+0000] {processor.py:161} INFO - Started process (PID=872) to work on /opt/airflow/dags/main.py
[2024-07-05T22:49:03.684+0000] {processor.py:830} INFO - Processing file /opt/airflow/dags/main.py for tasks to queue
[2024-07-05T22:49:03.686+0000] {logging_mixin.py:188} INFO - [2024-07-05T22:49:03.686+0000] {dagbag.py:545} INFO - Filling up the DagBag from /opt/airflow/dags/main.py
[2024-07-05T22:49:05.200+0000] {processor.py:840} INFO - DAG(s) 'Binance_ETL' retrieved from /opt/airflow/dags/main.py
[2024-07-05T22:49:05.233+0000] {logging_mixin.py:188} INFO - [2024-07-05T22:49:05.232+0000] {dag.py:3096} INFO - Sync 1 DAGs
[2024-07-05T22:49:05.262+0000] {logging_mixin.py:188} INFO - [2024-07-05T22:49:05.262+0000] {dag.py:3954} INFO - Setting next_dagrun for Binance_ETL to 2024-07-05 00:00:00+00:00, run_after=2024-07-06 00:00:00+00:00
[2024-07-05T22:49:05.286+0000] {processor.py:183} INFO - Processing /opt/airflow/dags/main.py took 1.619 seconds
[2024-07-05T22:49:35.556+0000] {processor.py:161} INFO - Started process (PID=881) to work on /opt/airflow/dags/main.py
[2024-07-05T22:49:35.558+0000] {processor.py:830} INFO - Processing file /opt/airflow/dags/main.py for tasks to queue
[2024-07-05T22:49:35.561+0000] {logging_mixin.py:188} INFO - [2024-07-05T22:49:35.560+0000] {dagbag.py:545} INFO - Filling up the DagBag from /opt/airflow/dags/main.py
[2024-07-05T22:49:37.057+0000] {processor.py:840} INFO - DAG(s) 'Binance_ETL' retrieved from /opt/airflow/dags/main.py
[2024-07-05T22:49:37.087+0000] {logging_mixin.py:188} INFO - [2024-07-05T22:49:37.087+0000] {dag.py:3096} INFO - Sync 1 DAGs
[2024-07-05T22:49:37.116+0000] {logging_mixin.py:188} INFO - [2024-07-05T22:49:37.115+0000] {dag.py:3954} INFO - Setting next_dagrun for Binance_ETL to 2024-07-05 00:00:00+00:00, run_after=2024-07-06 00:00:00+00:00
[2024-07-05T22:49:37.149+0000] {processor.py:183} INFO - Processing /opt/airflow/dags/main.py took 1.619 seconds
[2024-07-05T22:50:07.406+0000] {processor.py:161} INFO - Started process (PID=890) to work on /opt/airflow/dags/main.py
[2024-07-05T22:50:07.411+0000] {processor.py:830} INFO - Processing file /opt/airflow/dags/main.py for tasks to queue
[2024-07-05T22:50:07.418+0000] {logging_mixin.py:188} INFO - [2024-07-05T22:50:07.417+0000] {dagbag.py:545} INFO - Filling up the DagBag from /opt/airflow/dags/main.py
[2024-07-05T22:50:09.014+0000] {processor.py:840} INFO - DAG(s) 'Binance_ETL' retrieved from /opt/airflow/dags/main.py
[2024-07-05T22:50:09.044+0000] {logging_mixin.py:188} INFO - [2024-07-05T22:50:09.043+0000] {dag.py:3096} INFO - Sync 1 DAGs
[2024-07-05T22:50:09.072+0000] {logging_mixin.py:188} INFO - [2024-07-05T22:50:09.072+0000] {dag.py:3954} INFO - Setting next_dagrun for Binance_ETL to 2024-07-05 00:00:00+00:00, run_after=2024-07-06 00:00:00+00:00
[2024-07-05T22:50:09.104+0000] {processor.py:183} INFO - Processing /opt/airflow/dags/main.py took 1.706 seconds
[2024-07-05T22:50:39.352+0000] {processor.py:161} INFO - Started process (PID=905) to work on /opt/airflow/dags/main.py
[2024-07-05T22:50:39.353+0000] {processor.py:830} INFO - Processing file /opt/airflow/dags/main.py for tasks to queue
[2024-07-05T22:50:39.356+0000] {logging_mixin.py:188} INFO - [2024-07-05T22:50:39.355+0000] {dagbag.py:545} INFO - Filling up the DagBag from /opt/airflow/dags/main.py
[2024-07-05T22:50:40.942+0000] {processor.py:840} INFO - DAG(s) 'Binance_ETL' retrieved from /opt/airflow/dags/main.py
[2024-07-05T22:50:40.976+0000] {logging_mixin.py:188} INFO - [2024-07-05T22:50:40.975+0000] {dag.py:3096} INFO - Sync 1 DAGs
[2024-07-05T22:50:41.006+0000] {logging_mixin.py:188} INFO - [2024-07-05T22:50:41.006+0000] {dag.py:3954} INFO - Setting next_dagrun for Binance_ETL to 2024-07-05 00:00:00+00:00, run_after=2024-07-06 00:00:00+00:00
[2024-07-05T22:50:41.031+0000] {processor.py:183} INFO - Processing /opt/airflow/dags/main.py took 1.688 seconds
[2024-07-05T22:51:11.310+0000] {processor.py:161} INFO - Started process (PID=914) to work on /opt/airflow/dags/main.py
[2024-07-05T22:51:11.311+0000] {processor.py:830} INFO - Processing file /opt/airflow/dags/main.py for tasks to queue
[2024-07-05T22:51:11.313+0000] {logging_mixin.py:188} INFO - [2024-07-05T22:51:11.312+0000] {dagbag.py:545} INFO - Filling up the DagBag from /opt/airflow/dags/main.py
[2024-07-05T22:51:12.771+0000] {processor.py:840} INFO - DAG(s) 'Binance_ETL' retrieved from /opt/airflow/dags/main.py
[2024-07-05T22:51:12.810+0000] {logging_mixin.py:188} INFO - [2024-07-05T22:51:12.809+0000] {dag.py:3096} INFO - Sync 1 DAGs
[2024-07-05T22:51:12.848+0000] {logging_mixin.py:188} INFO - [2024-07-05T22:51:12.848+0000] {dag.py:3954} INFO - Setting next_dagrun for Binance_ETL to 2024-07-05 00:00:00+00:00, run_after=2024-07-06 00:00:00+00:00
[2024-07-05T22:51:12.880+0000] {processor.py:183} INFO - Processing /opt/airflow/dags/main.py took 1.580 seconds
[2024-07-05T22:51:43.172+0000] {processor.py:161} INFO - Started process (PID=923) to work on /opt/airflow/dags/main.py
[2024-07-05T22:51:43.173+0000] {processor.py:830} INFO - Processing file /opt/airflow/dags/main.py for tasks to queue
[2024-07-05T22:51:43.177+0000] {logging_mixin.py:188} INFO - [2024-07-05T22:51:43.176+0000] {dagbag.py:545} INFO - Filling up the DagBag from /opt/airflow/dags/main.py
[2024-07-05T22:51:44.673+0000] {processor.py:840} INFO - DAG(s) 'Binance_ETL' retrieved from /opt/airflow/dags/main.py
[2024-07-05T22:51:44.705+0000] {logging_mixin.py:188} INFO - [2024-07-05T22:51:44.705+0000] {dag.py:3096} INFO - Sync 1 DAGs
[2024-07-05T22:51:44.735+0000] {logging_mixin.py:188} INFO - [2024-07-05T22:51:44.734+0000] {dag.py:3954} INFO - Setting next_dagrun for Binance_ETL to 2024-07-05 00:00:00+00:00, run_after=2024-07-06 00:00:00+00:00
[2024-07-05T22:51:44.773+0000] {processor.py:183} INFO - Processing /opt/airflow/dags/main.py took 1.628 seconds
[2024-07-05T22:52:15.060+0000] {processor.py:161} INFO - Started process (PID=932) to work on /opt/airflow/dags/main.py
[2024-07-05T22:52:15.068+0000] {processor.py:830} INFO - Processing file /opt/airflow/dags/main.py for tasks to queue
[2024-07-05T22:52:15.070+0000] {logging_mixin.py:188} INFO - [2024-07-05T22:52:15.070+0000] {dagbag.py:545} INFO - Filling up the DagBag from /opt/airflow/dags/main.py
[2024-07-05T22:52:16.539+0000] {processor.py:840} INFO - DAG(s) 'Binance_ETL' retrieved from /opt/airflow/dags/main.py
[2024-07-05T22:52:16.569+0000] {logging_mixin.py:188} INFO - [2024-07-05T22:52:16.568+0000] {dag.py:3096} INFO - Sync 1 DAGs
[2024-07-05T22:52:16.597+0000] {logging_mixin.py:188} INFO - [2024-07-05T22:52:16.597+0000] {dag.py:3954} INFO - Setting next_dagrun for Binance_ETL to 2024-07-05 00:00:00+00:00, run_after=2024-07-06 00:00:00+00:00
[2024-07-05T22:52:16.632+0000] {processor.py:183} INFO - Processing /opt/airflow/dags/main.py took 1.596 seconds
[2024-07-05T22:52:46.915+0000] {processor.py:161} INFO - Started process (PID=941) to work on /opt/airflow/dags/main.py
[2024-07-05T22:52:46.924+0000] {processor.py:830} INFO - Processing file /opt/airflow/dags/main.py for tasks to queue
[2024-07-05T22:52:46.930+0000] {logging_mixin.py:188} INFO - [2024-07-05T22:52:46.929+0000] {dagbag.py:545} INFO - Filling up the DagBag from /opt/airflow/dags/main.py
[2024-07-05T22:52:48.424+0000] {processor.py:840} INFO - DAG(s) 'Binance_ETL' retrieved from /opt/airflow/dags/main.py
[2024-07-05T22:52:48.454+0000] {logging_mixin.py:188} INFO - [2024-07-05T22:52:48.453+0000] {dag.py:3096} INFO - Sync 1 DAGs
[2024-07-05T22:52:48.482+0000] {logging_mixin.py:188} INFO - [2024-07-05T22:52:48.482+0000] {dag.py:3954} INFO - Setting next_dagrun for Binance_ETL to 2024-07-05 00:00:00+00:00, run_after=2024-07-06 00:00:00+00:00
[2024-07-05T22:52:48.528+0000] {processor.py:183} INFO - Processing /opt/airflow/dags/main.py took 1.640 seconds
[2024-07-05T22:53:18.828+0000] {processor.py:161} INFO - Started process (PID=949) to work on /opt/airflow/dags/main.py
[2024-07-05T22:53:18.839+0000] {processor.py:830} INFO - Processing file /opt/airflow/dags/main.py for tasks to queue
[2024-07-05T22:53:18.850+0000] {logging_mixin.py:188} INFO - [2024-07-05T22:53:18.848+0000] {dagbag.py:545} INFO - Filling up the DagBag from /opt/airflow/dags/main.py
[2024-07-05T22:53:20.406+0000] {processor.py:840} INFO - DAG(s) 'Binance_ETL' retrieved from /opt/airflow/dags/main.py
[2024-07-05T22:53:20.437+0000] {logging_mixin.py:188} INFO - [2024-07-05T22:53:20.436+0000] {dag.py:3096} INFO - Sync 1 DAGs
[2024-07-05T22:53:20.467+0000] {logging_mixin.py:188} INFO - [2024-07-05T22:53:20.466+0000] {dag.py:3954} INFO - Setting next_dagrun for Binance_ETL to 2024-07-05 00:00:00+00:00, run_after=2024-07-06 00:00:00+00:00
[2024-07-05T22:53:20.496+0000] {processor.py:183} INFO - Processing /opt/airflow/dags/main.py took 1.700 seconds
[2024-07-05T22:53:50.767+0000] {processor.py:161} INFO - Started process (PID=958) to work on /opt/airflow/dags/main.py
[2024-07-05T22:53:50.768+0000] {processor.py:830} INFO - Processing file /opt/airflow/dags/main.py for tasks to queue
[2024-07-05T22:53:50.771+0000] {logging_mixin.py:188} INFO - [2024-07-05T22:53:50.771+0000] {dagbag.py:545} INFO - Filling up the DagBag from /opt/airflow/dags/main.py
[2024-07-05T22:53:52.228+0000] {processor.py:840} INFO - DAG(s) 'Binance_ETL' retrieved from /opt/airflow/dags/main.py
[2024-07-05T22:53:52.258+0000] {logging_mixin.py:188} INFO - [2024-07-05T22:53:52.258+0000] {dag.py:3096} INFO - Sync 1 DAGs
[2024-07-05T22:53:52.289+0000] {logging_mixin.py:188} INFO - [2024-07-05T22:53:52.289+0000] {dag.py:3954} INFO - Setting next_dagrun for Binance_ETL to 2024-07-05 00:00:00+00:00, run_after=2024-07-06 00:00:00+00:00
[2024-07-05T22:53:52.324+0000] {processor.py:183} INFO - Processing /opt/airflow/dags/main.py took 1.573 seconds
[2024-07-05T22:54:22.568+0000] {processor.py:161} INFO - Started process (PID=967) to work on /opt/airflow/dags/main.py
[2024-07-05T22:54:22.579+0000] {processor.py:830} INFO - Processing file /opt/airflow/dags/main.py for tasks to queue
[2024-07-05T22:54:22.586+0000] {logging_mixin.py:188} INFO - [2024-07-05T22:54:22.585+0000] {dagbag.py:545} INFO - Filling up the DagBag from /opt/airflow/dags/main.py
[2024-07-05T22:54:24.058+0000] {processor.py:840} INFO - DAG(s) 'Binance_ETL' retrieved from /opt/airflow/dags/main.py
[2024-07-05T22:54:24.088+0000] {logging_mixin.py:188} INFO - [2024-07-05T22:54:24.087+0000] {dag.py:3096} INFO - Sync 1 DAGs
[2024-07-05T22:54:24.119+0000] {logging_mixin.py:188} INFO - [2024-07-05T22:54:24.118+0000] {dag.py:3954} INFO - Setting next_dagrun for Binance_ETL to 2024-07-05 00:00:00+00:00, run_after=2024-07-06 00:00:00+00:00
[2024-07-05T22:54:24.147+0000] {processor.py:183} INFO - Processing /opt/airflow/dags/main.py took 1.604 seconds
[2024-07-05T22:54:54.379+0000] {processor.py:161} INFO - Started process (PID=976) to work on /opt/airflow/dags/main.py
[2024-07-05T22:54:54.389+0000] {processor.py:830} INFO - Processing file /opt/airflow/dags/main.py for tasks to queue
[2024-07-05T22:54:54.391+0000] {logging_mixin.py:188} INFO - [2024-07-05T22:54:54.391+0000] {dagbag.py:545} INFO - Filling up the DagBag from /opt/airflow/dags/main.py
[2024-07-05T22:54:55.834+0000] {processor.py:840} INFO - DAG(s) 'Binance_ETL' retrieved from /opt/airflow/dags/main.py
[2024-07-05T22:54:55.865+0000] {logging_mixin.py:188} INFO - [2024-07-05T22:54:55.865+0000] {dag.py:3096} INFO - Sync 1 DAGs
[2024-07-05T22:54:55.894+0000] {logging_mixin.py:188} INFO - [2024-07-05T22:54:55.893+0000] {dag.py:3954} INFO - Setting next_dagrun for Binance_ETL to 2024-07-05 00:00:00+00:00, run_after=2024-07-06 00:00:00+00:00
[2024-07-05T22:54:55.928+0000] {processor.py:183} INFO - Processing /opt/airflow/dags/main.py took 1.559 seconds
[2024-07-05T22:55:26.207+0000] {processor.py:161} INFO - Started process (PID=985) to work on /opt/airflow/dags/main.py
[2024-07-05T22:55:26.218+0000] {processor.py:830} INFO - Processing file /opt/airflow/dags/main.py for tasks to queue
[2024-07-05T22:55:26.221+0000] {logging_mixin.py:188} INFO - [2024-07-05T22:55:26.221+0000] {dagbag.py:545} INFO - Filling up the DagBag from /opt/airflow/dags/main.py
[2024-07-05T22:55:27.674+0000] {processor.py:840} INFO - DAG(s) 'Binance_ETL' retrieved from /opt/airflow/dags/main.py
[2024-07-05T22:55:27.704+0000] {logging_mixin.py:188} INFO - [2024-07-05T22:55:27.704+0000] {dag.py:3096} INFO - Sync 1 DAGs
[2024-07-05T22:55:27.733+0000] {logging_mixin.py:188} INFO - [2024-07-05T22:55:27.732+0000] {dag.py:3954} INFO - Setting next_dagrun for Binance_ETL to 2024-07-05 00:00:00+00:00, run_after=2024-07-06 00:00:00+00:00
[2024-07-05T22:55:27.765+0000] {processor.py:183} INFO - Processing /opt/airflow/dags/main.py took 1.581 seconds
[2024-07-05T22:55:58.012+0000] {processor.py:161} INFO - Started process (PID=994) to work on /opt/airflow/dags/main.py
[2024-07-05T22:55:58.013+0000] {processor.py:830} INFO - Processing file /opt/airflow/dags/main.py for tasks to queue
[2024-07-05T22:55:58.015+0000] {logging_mixin.py:188} INFO - [2024-07-05T22:55:58.015+0000] {dagbag.py:545} INFO - Filling up the DagBag from /opt/airflow/dags/main.py
[2024-07-05T22:55:59.483+0000] {processor.py:840} INFO - DAG(s) 'Binance_ETL' retrieved from /opt/airflow/dags/main.py
[2024-07-05T22:55:59.514+0000] {logging_mixin.py:188} INFO - [2024-07-05T22:55:59.513+0000] {dag.py:3096} INFO - Sync 1 DAGs
[2024-07-05T22:55:59.543+0000] {logging_mixin.py:188} INFO - [2024-07-05T22:55:59.543+0000] {dag.py:3954} INFO - Setting next_dagrun for Binance_ETL to 2024-07-05 00:00:00+00:00, run_after=2024-07-06 00:00:00+00:00
[2024-07-05T22:55:59.582+0000] {processor.py:183} INFO - Processing /opt/airflow/dags/main.py took 1.578 seconds
[2024-07-05T22:56:29.832+0000] {processor.py:161} INFO - Started process (PID=1002) to work on /opt/airflow/dags/main.py
[2024-07-05T22:56:29.834+0000] {processor.py:830} INFO - Processing file /opt/airflow/dags/main.py for tasks to queue
[2024-07-05T22:56:29.836+0000] {logging_mixin.py:188} INFO - [2024-07-05T22:56:29.836+0000] {dagbag.py:545} INFO - Filling up the DagBag from /opt/airflow/dags/main.py
[2024-07-05T22:56:31.382+0000] {processor.py:840} INFO - DAG(s) 'Binance_ETL' retrieved from /opt/airflow/dags/main.py
[2024-07-05T22:56:31.414+0000] {logging_mixin.py:188} INFO - [2024-07-05T22:56:31.413+0000] {dag.py:3096} INFO - Sync 1 DAGs
[2024-07-05T22:56:31.443+0000] {logging_mixin.py:188} INFO - [2024-07-05T22:56:31.442+0000] {dag.py:3954} INFO - Setting next_dagrun for Binance_ETL to 2024-07-05 00:00:00+00:00, run_after=2024-07-06 00:00:00+00:00
[2024-07-05T22:56:31.476+0000] {processor.py:183} INFO - Processing /opt/airflow/dags/main.py took 1.654 seconds
[2024-07-05T22:57:01.719+0000] {processor.py:161} INFO - Started process (PID=1011) to work on /opt/airflow/dags/main.py
[2024-07-05T22:57:01.730+0000] {processor.py:830} INFO - Processing file /opt/airflow/dags/main.py for tasks to queue
[2024-07-05T22:57:01.732+0000] {logging_mixin.py:188} INFO - [2024-07-05T22:57:01.732+0000] {dagbag.py:545} INFO - Filling up the DagBag from /opt/airflow/dags/main.py
[2024-07-05T22:57:03.173+0000] {processor.py:840} INFO - DAG(s) 'Binance_ETL' retrieved from /opt/airflow/dags/main.py
[2024-07-05T22:57:03.208+0000] {logging_mixin.py:188} INFO - [2024-07-05T22:57:03.207+0000] {dag.py:3096} INFO - Sync 1 DAGs
[2024-07-05T22:57:03.240+0000] {logging_mixin.py:188} INFO - [2024-07-05T22:57:03.239+0000] {dag.py:3954} INFO - Setting next_dagrun for Binance_ETL to 2024-07-05 00:00:00+00:00, run_after=2024-07-06 00:00:00+00:00
[2024-07-05T22:57:03.281+0000] {processor.py:183} INFO - Processing /opt/airflow/dags/main.py took 1.570 seconds
[2024-07-05T22:57:33.569+0000] {processor.py:161} INFO - Started process (PID=1020) to work on /opt/airflow/dags/main.py
[2024-07-05T22:57:33.570+0000] {processor.py:830} INFO - Processing file /opt/airflow/dags/main.py for tasks to queue
[2024-07-05T22:57:33.573+0000] {logging_mixin.py:188} INFO - [2024-07-05T22:57:33.572+0000] {dagbag.py:545} INFO - Filling up the DagBag from /opt/airflow/dags/main.py
[2024-07-05T22:57:35.082+0000] {processor.py:840} INFO - DAG(s) 'Binance_ETL' retrieved from /opt/airflow/dags/main.py
[2024-07-05T22:57:35.114+0000] {logging_mixin.py:188} INFO - [2024-07-05T22:57:35.113+0000] {dag.py:3096} INFO - Sync 1 DAGs
[2024-07-05T22:57:35.142+0000] {logging_mixin.py:188} INFO - [2024-07-05T22:57:35.142+0000] {dag.py:3954} INFO - Setting next_dagrun for Binance_ETL to 2024-07-05 00:00:00+00:00, run_after=2024-07-06 00:00:00+00:00
[2024-07-05T22:57:35.177+0000] {processor.py:183} INFO - Processing /opt/airflow/dags/main.py took 1.628 seconds
[2024-07-05T22:58:05.393+0000] {processor.py:161} INFO - Started process (PID=1029) to work on /opt/airflow/dags/main.py
[2024-07-05T22:58:05.394+0000] {processor.py:830} INFO - Processing file /opt/airflow/dags/main.py for tasks to queue
[2024-07-05T22:58:05.397+0000] {logging_mixin.py:188} INFO - [2024-07-05T22:58:05.396+0000] {dagbag.py:545} INFO - Filling up the DagBag from /opt/airflow/dags/main.py
[2024-07-05T22:58:06.894+0000] {processor.py:840} INFO - DAG(s) 'Binance_ETL' retrieved from /opt/airflow/dags/main.py
[2024-07-05T22:58:06.925+0000] {logging_mixin.py:188} INFO - [2024-07-05T22:58:06.925+0000] {dag.py:3096} INFO - Sync 1 DAGs
[2024-07-05T22:58:06.953+0000] {logging_mixin.py:188} INFO - [2024-07-05T22:58:06.953+0000] {dag.py:3954} INFO - Setting next_dagrun for Binance_ETL to 2024-07-05 00:00:00+00:00, run_after=2024-07-06 00:00:00+00:00
[2024-07-05T22:58:06.996+0000] {processor.py:183} INFO - Processing /opt/airflow/dags/main.py took 1.612 seconds
[2024-07-05T22:58:37.255+0000] {processor.py:161} INFO - Started process (PID=1038) to work on /opt/airflow/dags/main.py
[2024-07-05T22:58:37.256+0000] {processor.py:830} INFO - Processing file /opt/airflow/dags/main.py for tasks to queue
[2024-07-05T22:58:37.258+0000] {logging_mixin.py:188} INFO - [2024-07-05T22:58:37.258+0000] {dagbag.py:545} INFO - Filling up the DagBag from /opt/airflow/dags/main.py
[2024-07-05T22:58:38.737+0000] {processor.py:840} INFO - DAG(s) 'Binance_ETL' retrieved from /opt/airflow/dags/main.py
[2024-07-05T22:58:38.768+0000] {logging_mixin.py:188} INFO - [2024-07-05T22:58:38.767+0000] {dag.py:3096} INFO - Sync 1 DAGs
[2024-07-05T22:58:38.797+0000] {logging_mixin.py:188} INFO - [2024-07-05T22:58:38.797+0000] {dag.py:3954} INFO - Setting next_dagrun for Binance_ETL to 2024-07-05 00:00:00+00:00, run_after=2024-07-06 00:00:00+00:00
[2024-07-05T22:58:38.825+0000] {processor.py:183} INFO - Processing /opt/airflow/dags/main.py took 1.580 seconds
[2024-07-05T22:59:09.080+0000] {processor.py:161} INFO - Started process (PID=1047) to work on /opt/airflow/dags/main.py
[2024-07-05T22:59:09.103+0000] {processor.py:830} INFO - Processing file /opt/airflow/dags/main.py for tasks to queue
[2024-07-05T22:59:09.107+0000] {logging_mixin.py:188} INFO - [2024-07-05T22:59:09.106+0000] {dagbag.py:545} INFO - Filling up the DagBag from /opt/airflow/dags/main.py
[2024-07-05T22:59:10.601+0000] {processor.py:840} INFO - DAG(s) 'Binance_ETL' retrieved from /opt/airflow/dags/main.py
[2024-07-05T22:59:10.630+0000] {logging_mixin.py:188} INFO - [2024-07-05T22:59:10.630+0000] {dag.py:3096} INFO - Sync 1 DAGs
[2024-07-05T22:59:10.659+0000] {logging_mixin.py:188} INFO - [2024-07-05T22:59:10.658+0000] {dag.py:3954} INFO - Setting next_dagrun for Binance_ETL to 2024-07-05 00:00:00+00:00, run_after=2024-07-06 00:00:00+00:00
[2024-07-05T22:59:10.679+0000] {processor.py:183} INFO - Processing /opt/airflow/dags/main.py took 1.612 seconds
[2024-07-05T22:59:40.934+0000] {processor.py:161} INFO - Started process (PID=1056) to work on /opt/airflow/dags/main.py
[2024-07-05T22:59:40.950+0000] {processor.py:830} INFO - Processing file /opt/airflow/dags/main.py for tasks to queue
[2024-07-05T22:59:40.959+0000] {logging_mixin.py:188} INFO - [2024-07-05T22:59:40.958+0000] {dagbag.py:545} INFO - Filling up the DagBag from /opt/airflow/dags/main.py
[2024-07-05T22:59:42.517+0000] {processor.py:840} INFO - DAG(s) 'Binance_ETL' retrieved from /opt/airflow/dags/main.py
[2024-07-05T22:59:42.546+0000] {logging_mixin.py:188} INFO - [2024-07-05T22:59:42.546+0000] {dag.py:3096} INFO - Sync 1 DAGs
[2024-07-05T22:59:42.581+0000] {logging_mixin.py:188} INFO - [2024-07-05T22:59:42.580+0000] {dag.py:3954} INFO - Setting next_dagrun for Binance_ETL to 2024-07-05 00:00:00+00:00, run_after=2024-07-06 00:00:00+00:00
[2024-07-05T22:59:42.631+0000] {processor.py:183} INFO - Processing /opt/airflow/dags/main.py took 1.722 seconds
[2024-07-05T23:00:12.889+0000] {processor.py:161} INFO - Started process (PID=1069) to work on /opt/airflow/dags/main.py
[2024-07-05T23:00:12.905+0000] {processor.py:830} INFO - Processing file /opt/airflow/dags/main.py for tasks to queue
[2024-07-05T23:00:12.907+0000] {logging_mixin.py:188} INFO - [2024-07-05T23:00:12.906+0000] {dagbag.py:545} INFO - Filling up the DagBag from /opt/airflow/dags/main.py
[2024-07-05T23:00:14.360+0000] {processor.py:840} INFO - DAG(s) 'Binance_ETL' retrieved from /opt/airflow/dags/main.py
[2024-07-05T23:00:14.391+0000] {logging_mixin.py:188} INFO - [2024-07-05T23:00:14.390+0000] {dag.py:3096} INFO - Sync 1 DAGs
[2024-07-05T23:00:14.421+0000] {logging_mixin.py:188} INFO - [2024-07-05T23:00:14.420+0000] {dag.py:3954} INFO - Setting next_dagrun for Binance_ETL to 2024-07-05 00:00:00+00:00, run_after=2024-07-06 00:00:00+00:00
[2024-07-05T23:00:14.469+0000] {processor.py:183} INFO - Processing /opt/airflow/dags/main.py took 1.593 seconds
[2024-07-05T23:00:44.720+0000] {processor.py:161} INFO - Started process (PID=1077) to work on /opt/airflow/dags/main.py
[2024-07-05T23:00:44.737+0000] {processor.py:830} INFO - Processing file /opt/airflow/dags/main.py for tasks to queue
[2024-07-05T23:00:44.744+0000] {logging_mixin.py:188} INFO - [2024-07-05T23:00:44.743+0000] {dagbag.py:545} INFO - Filling up the DagBag from /opt/airflow/dags/main.py
[2024-07-05T23:00:46.239+0000] {processor.py:840} INFO - DAG(s) 'Binance_ETL' retrieved from /opt/airflow/dags/main.py
[2024-07-05T23:00:46.275+0000] {logging_mixin.py:188} INFO - [2024-07-05T23:00:46.274+0000] {dag.py:3096} INFO - Sync 1 DAGs
[2024-07-05T23:00:46.303+0000] {logging_mixin.py:188} INFO - [2024-07-05T23:00:46.303+0000] {dag.py:3954} INFO - Setting next_dagrun for Binance_ETL to 2024-07-05 00:00:00+00:00, run_after=2024-07-06 00:00:00+00:00
[2024-07-05T23:00:46.337+0000] {processor.py:183} INFO - Processing /opt/airflow/dags/main.py took 1.633 seconds
[2024-07-05T23:01:16.586+0000] {processor.py:161} INFO - Started process (PID=1086) to work on /opt/airflow/dags/main.py
[2024-07-05T23:01:16.843+0000] {processor.py:830} INFO - Processing file /opt/airflow/dags/main.py for tasks to queue
[2024-07-05T23:01:16.851+0000] {logging_mixin.py:188} INFO - [2024-07-05T23:01:16.849+0000] {dagbag.py:545} INFO - Filling up the DagBag from /opt/airflow/dags/main.py
[2024-07-05T23:01:18.360+0000] {processor.py:840} INFO - DAG(s) 'Binance_ETL' retrieved from /opt/airflow/dags/main.py
[2024-07-05T23:01:18.391+0000] {logging_mixin.py:188} INFO - [2024-07-05T23:01:18.390+0000] {dag.py:3096} INFO - Sync 1 DAGs
[2024-07-05T23:01:18.421+0000] {logging_mixin.py:188} INFO - [2024-07-05T23:01:18.421+0000] {dag.py:3954} INFO - Setting next_dagrun for Binance_ETL to 2024-07-05 00:00:00+00:00, run_after=2024-07-06 00:00:00+00:00
[2024-07-05T23:01:18.454+0000] {processor.py:183} INFO - Processing /opt/airflow/dags/main.py took 1.878 seconds
[2024-07-05T23:01:48.715+0000] {processor.py:161} INFO - Started process (PID=1094) to work on /opt/airflow/dags/main.py
[2024-07-05T23:01:48.723+0000] {processor.py:830} INFO - Processing file /opt/airflow/dags/main.py for tasks to queue
[2024-07-05T23:01:48.726+0000] {logging_mixin.py:188} INFO - [2024-07-05T23:01:48.725+0000] {dagbag.py:545} INFO - Filling up the DagBag from /opt/airflow/dags/main.py
[2024-07-05T23:01:50.181+0000] {processor.py:840} INFO - DAG(s) 'Binance_ETL' retrieved from /opt/airflow/dags/main.py
[2024-07-05T23:01:50.211+0000] {logging_mixin.py:188} INFO - [2024-07-05T23:01:50.210+0000] {dag.py:3096} INFO - Sync 1 DAGs
[2024-07-05T23:01:50.242+0000] {logging_mixin.py:188} INFO - [2024-07-05T23:01:50.241+0000] {dag.py:3954} INFO - Setting next_dagrun for Binance_ETL to 2024-07-05 00:00:00+00:00, run_after=2024-07-06 00:00:00+00:00
[2024-07-05T23:01:50.268+0000] {processor.py:183} INFO - Processing /opt/airflow/dags/main.py took 1.578 seconds
[2024-07-05T23:02:20.376+0000] {processor.py:161} INFO - Started process (PID=1103) to work on /opt/airflow/dags/main.py
[2024-07-05T23:02:20.380+0000] {processor.py:830} INFO - Processing file /opt/airflow/dags/main.py for tasks to queue
[2024-07-05T23:02:20.382+0000] {logging_mixin.py:188} INFO - [2024-07-05T23:02:20.382+0000] {dagbag.py:545} INFO - Filling up the DagBag from /opt/airflow/dags/main.py
[2024-07-05T23:02:21.871+0000] {processor.py:840} INFO - DAG(s) 'Binance_ETL' retrieved from /opt/airflow/dags/main.py
[2024-07-05T23:02:21.901+0000] {logging_mixin.py:188} INFO - [2024-07-05T23:02:21.901+0000] {dag.py:3096} INFO - Sync 1 DAGs
[2024-07-05T23:02:21.930+0000] {logging_mixin.py:188} INFO - [2024-07-05T23:02:21.930+0000] {dag.py:3954} INFO - Setting next_dagrun for Binance_ETL to 2024-07-05 00:00:00+00:00, run_after=2024-07-06 00:00:00+00:00
[2024-07-05T23:02:21.960+0000] {processor.py:183} INFO - Processing /opt/airflow/dags/main.py took 1.593 seconds
[2024-07-05T23:02:52.204+0000] {processor.py:161} INFO - Started process (PID=1112) to work on /opt/airflow/dags/main.py
[2024-07-05T23:02:52.212+0000] {processor.py:830} INFO - Processing file /opt/airflow/dags/main.py for tasks to queue
[2024-07-05T23:02:52.214+0000] {logging_mixin.py:188} INFO - [2024-07-05T23:02:52.214+0000] {dagbag.py:545} INFO - Filling up the DagBag from /opt/airflow/dags/main.py
[2024-07-05T23:02:53.658+0000] {processor.py:840} INFO - DAG(s) 'Binance_ETL' retrieved from /opt/airflow/dags/main.py
[2024-07-05T23:02:53.695+0000] {logging_mixin.py:188} INFO - [2024-07-05T23:02:53.694+0000] {dag.py:3096} INFO - Sync 1 DAGs
[2024-07-05T23:02:53.746+0000] {logging_mixin.py:188} INFO - [2024-07-05T23:02:53.746+0000] {dag.py:3954} INFO - Setting next_dagrun for Binance_ETL to 2024-07-05 00:00:00+00:00, run_after=2024-07-06 00:00:00+00:00
[2024-07-05T23:02:53.772+0000] {processor.py:183} INFO - Processing /opt/airflow/dags/main.py took 1.576 seconds
[2024-07-05T23:03:23.950+0000] {processor.py:161} INFO - Started process (PID=1121) to work on /opt/airflow/dags/main.py
[2024-07-05T23:03:23.958+0000] {processor.py:830} INFO - Processing file /opt/airflow/dags/main.py for tasks to queue
[2024-07-05T23:03:23.961+0000] {logging_mixin.py:188} INFO - [2024-07-05T23:03:23.960+0000] {dagbag.py:545} INFO - Filling up the DagBag from /opt/airflow/dags/main.py
[2024-07-05T23:03:25.455+0000] {processor.py:840} INFO - DAG(s) 'Binance_ETL' retrieved from /opt/airflow/dags/main.py
[2024-07-05T23:03:25.485+0000] {logging_mixin.py:188} INFO - [2024-07-05T23:03:25.485+0000] {dag.py:3096} INFO - Sync 1 DAGs
[2024-07-05T23:03:25.520+0000] {logging_mixin.py:188} INFO - [2024-07-05T23:03:25.520+0000] {dag.py:3954} INFO - Setting next_dagrun for Binance_ETL to 2024-07-05 00:00:00+00:00, run_after=2024-07-06 00:00:00+00:00
[2024-07-05T23:03:25.554+0000] {processor.py:183} INFO - Processing /opt/airflow/dags/main.py took 1.613 seconds
[2024-07-05T23:03:55.858+0000] {processor.py:161} INFO - Started process (PID=1130) to work on /opt/airflow/dags/main.py
[2024-07-05T23:03:55.870+0000] {processor.py:830} INFO - Processing file /opt/airflow/dags/main.py for tasks to queue
[2024-07-05T23:03:55.882+0000] {logging_mixin.py:188} INFO - [2024-07-05T23:03:55.881+0000] {dagbag.py:545} INFO - Filling up the DagBag from /opt/airflow/dags/main.py
[2024-07-05T23:03:57.700+0000] {processor.py:840} INFO - DAG(s) 'Binance_ETL' retrieved from /opt/airflow/dags/main.py
[2024-07-05T23:03:57.786+0000] {logging_mixin.py:188} INFO - [2024-07-05T23:03:57.785+0000] {dag.py:3096} INFO - Sync 1 DAGs
[2024-07-05T23:03:57.831+0000] {logging_mixin.py:188} INFO - [2024-07-05T23:03:57.831+0000] {dag.py:3954} INFO - Setting next_dagrun for Binance_ETL to 2024-07-05 00:00:00+00:00, run_after=2024-07-06 00:00:00+00:00
[2024-07-05T23:03:57.865+0000] {processor.py:183} INFO - Processing /opt/airflow/dags/main.py took 2.041 seconds
[2024-07-05T23:04:28.070+0000] {processor.py:161} INFO - Started process (PID=1139) to work on /opt/airflow/dags/main.py
[2024-07-05T23:04:28.071+0000] {processor.py:830} INFO - Processing file /opt/airflow/dags/main.py for tasks to queue
[2024-07-05T23:04:28.076+0000] {logging_mixin.py:188} INFO - [2024-07-05T23:04:28.075+0000] {dagbag.py:545} INFO - Filling up the DagBag from /opt/airflow/dags/main.py
[2024-07-05T23:04:30.026+0000] {processor.py:840} INFO - DAG(s) 'Binance_ETL' retrieved from /opt/airflow/dags/main.py
[2024-07-05T23:04:30.056+0000] {logging_mixin.py:188} INFO - [2024-07-05T23:04:30.055+0000] {dag.py:3096} INFO - Sync 1 DAGs
[2024-07-05T23:04:30.084+0000] {logging_mixin.py:188} INFO - [2024-07-05T23:04:30.084+0000] {dag.py:3954} INFO - Setting next_dagrun for Binance_ETL to 2024-07-05 00:00:00+00:00, run_after=2024-07-06 00:00:00+00:00
[2024-07-05T23:04:30.105+0000] {processor.py:183} INFO - Processing /opt/airflow/dags/main.py took 2.051 seconds
[2024-07-05T23:05:00.315+0000] {processor.py:161} INFO - Started process (PID=1148) to work on /opt/airflow/dags/main.py
[2024-07-05T23:05:00.319+0000] {processor.py:830} INFO - Processing file /opt/airflow/dags/main.py for tasks to queue
[2024-07-05T23:05:00.325+0000] {logging_mixin.py:188} INFO - [2024-07-05T23:05:00.322+0000] {dagbag.py:545} INFO - Filling up the DagBag from /opt/airflow/dags/main.py
[2024-07-05T23:05:01.848+0000] {processor.py:840} INFO - DAG(s) 'Binance_ETL' retrieved from /opt/airflow/dags/main.py
[2024-07-05T23:05:01.878+0000] {logging_mixin.py:188} INFO - [2024-07-05T23:05:01.878+0000] {dag.py:3096} INFO - Sync 1 DAGs
[2024-07-05T23:05:01.907+0000] {logging_mixin.py:188} INFO - [2024-07-05T23:05:01.906+0000] {dag.py:3954} INFO - Setting next_dagrun for Binance_ETL to 2024-07-05 00:00:00+00:00, run_after=2024-07-06 00:00:00+00:00
[2024-07-05T23:05:01.941+0000] {processor.py:183} INFO - Processing /opt/airflow/dags/main.py took 1.640 seconds
[2024-07-05T23:05:32.239+0000] {processor.py:161} INFO - Started process (PID=1157) to work on /opt/airflow/dags/main.py
[2024-07-05T23:05:32.251+0000] {processor.py:830} INFO - Processing file /opt/airflow/dags/main.py for tasks to queue
[2024-07-05T23:05:32.259+0000] {logging_mixin.py:188} INFO - [2024-07-05T23:05:32.258+0000] {dagbag.py:545} INFO - Filling up the DagBag from /opt/airflow/dags/main.py
[2024-07-05T23:05:33.739+0000] {processor.py:840} INFO - DAG(s) 'Binance_ETL' retrieved from /opt/airflow/dags/main.py
[2024-07-05T23:05:33.769+0000] {logging_mixin.py:188} INFO - [2024-07-05T23:05:33.769+0000] {dag.py:3096} INFO - Sync 1 DAGs
[2024-07-05T23:05:33.798+0000] {logging_mixin.py:188} INFO - [2024-07-05T23:05:33.798+0000] {dag.py:3954} INFO - Setting next_dagrun for Binance_ETL to 2024-07-05 00:00:00+00:00, run_after=2024-07-06 00:00:00+00:00
[2024-07-05T23:05:33.822+0000] {processor.py:183} INFO - Processing /opt/airflow/dags/main.py took 1.606 seconds
[2024-07-05T23:06:04.105+0000] {processor.py:161} INFO - Started process (PID=1166) to work on /opt/airflow/dags/main.py
[2024-07-05T23:06:04.118+0000] {processor.py:830} INFO - Processing file /opt/airflow/dags/main.py for tasks to queue
[2024-07-05T23:06:04.125+0000] {logging_mixin.py:188} INFO - [2024-07-05T23:06:04.124+0000] {dagbag.py:545} INFO - Filling up the DagBag from /opt/airflow/dags/main.py
[2024-07-05T23:06:05.609+0000] {processor.py:840} INFO - DAG(s) 'Binance_ETL' retrieved from /opt/airflow/dags/main.py
[2024-07-05T23:06:05.640+0000] {logging_mixin.py:188} INFO - [2024-07-05T23:06:05.640+0000] {dag.py:3096} INFO - Sync 1 DAGs
[2024-07-05T23:06:05.671+0000] {logging_mixin.py:188} INFO - [2024-07-05T23:06:05.670+0000] {dag.py:3954} INFO - Setting next_dagrun for Binance_ETL to 2024-07-05 00:00:00+00:00, run_after=2024-07-06 00:00:00+00:00
[2024-07-05T23:06:05.707+0000] {processor.py:183} INFO - Processing /opt/airflow/dags/main.py took 1.625 seconds
[2024-07-05T23:06:36.005+0000] {processor.py:161} INFO - Started process (PID=1175) to work on /opt/airflow/dags/main.py
[2024-07-05T23:06:36.019+0000] {processor.py:830} INFO - Processing file /opt/airflow/dags/main.py for tasks to queue
[2024-07-05T23:06:36.023+0000] {logging_mixin.py:188} INFO - [2024-07-05T23:06:36.023+0000] {dagbag.py:545} INFO - Filling up the DagBag from /opt/airflow/dags/main.py
[2024-07-05T23:06:37.525+0000] {processor.py:840} INFO - DAG(s) 'Binance_ETL' retrieved from /opt/airflow/dags/main.py
[2024-07-05T23:06:37.556+0000] {logging_mixin.py:188} INFO - [2024-07-05T23:06:37.555+0000] {dag.py:3096} INFO - Sync 1 DAGs
[2024-07-05T23:06:37.584+0000] {logging_mixin.py:188} INFO - [2024-07-05T23:06:37.584+0000] {dag.py:3954} INFO - Setting next_dagrun for Binance_ETL to 2024-07-05 00:00:00+00:00, run_after=2024-07-06 00:00:00+00:00
[2024-07-05T23:06:37.625+0000] {processor.py:183} INFO - Processing /opt/airflow/dags/main.py took 1.659 seconds
[2024-07-05T23:07:07.881+0000] {processor.py:161} INFO - Started process (PID=1184) to work on /opt/airflow/dags/main.py
[2024-07-05T23:07:07.882+0000] {processor.py:830} INFO - Processing file /opt/airflow/dags/main.py for tasks to queue
[2024-07-05T23:07:07.884+0000] {logging_mixin.py:188} INFO - [2024-07-05T23:07:07.884+0000] {dagbag.py:545} INFO - Filling up the DagBag from /opt/airflow/dags/main.py
[2024-07-05T23:07:09.347+0000] {processor.py:840} INFO - DAG(s) 'Binance_ETL' retrieved from /opt/airflow/dags/main.py
[2024-07-05T23:07:09.380+0000] {logging_mixin.py:188} INFO - [2024-07-05T23:07:09.379+0000] {dag.py:3096} INFO - Sync 1 DAGs
[2024-07-05T23:07:09.409+0000] {logging_mixin.py:188} INFO - [2024-07-05T23:07:09.409+0000] {dag.py:3954} INFO - Setting next_dagrun for Binance_ETL to 2024-07-05 00:00:00+00:00, run_after=2024-07-06 00:00:00+00:00
[2024-07-05T23:07:09.462+0000] {processor.py:183} INFO - Processing /opt/airflow/dags/main.py took 1.593 seconds
[2024-07-05T23:07:39.747+0000] {processor.py:161} INFO - Started process (PID=1193) to work on /opt/airflow/dags/main.py
[2024-07-05T23:07:39.761+0000] {processor.py:830} INFO - Processing file /opt/airflow/dags/main.py for tasks to queue
[2024-07-05T23:07:39.767+0000] {logging_mixin.py:188} INFO - [2024-07-05T23:07:39.766+0000] {dagbag.py:545} INFO - Filling up the DagBag from /opt/airflow/dags/main.py
[2024-07-05T23:07:41.252+0000] {processor.py:840} INFO - DAG(s) 'Binance_ETL' retrieved from /opt/airflow/dags/main.py
[2024-07-05T23:07:41.284+0000] {logging_mixin.py:188} INFO - [2024-07-05T23:07:41.284+0000] {dag.py:3096} INFO - Sync 1 DAGs
[2024-07-05T23:07:41.313+0000] {logging_mixin.py:188} INFO - [2024-07-05T23:07:41.313+0000] {dag.py:3954} INFO - Setting next_dagrun for Binance_ETL to 2024-07-05 00:00:00+00:00, run_after=2024-07-06 00:00:00+00:00
[2024-07-05T23:07:41.363+0000] {processor.py:183} INFO - Processing /opt/airflow/dags/main.py took 1.638 seconds
[2024-07-05T23:08:11.615+0000] {processor.py:161} INFO - Started process (PID=1202) to work on /opt/airflow/dags/main.py
[2024-07-05T23:08:11.618+0000] {processor.py:830} INFO - Processing file /opt/airflow/dags/main.py for tasks to queue
[2024-07-05T23:08:11.621+0000] {logging_mixin.py:188} INFO - [2024-07-05T23:08:11.621+0000] {dagbag.py:545} INFO - Filling up the DagBag from /opt/airflow/dags/main.py
[2024-07-05T23:08:13.115+0000] {processor.py:840} INFO - DAG(s) 'Binance_ETL' retrieved from /opt/airflow/dags/main.py
[2024-07-05T23:08:13.146+0000] {logging_mixin.py:188} INFO - [2024-07-05T23:08:13.145+0000] {dag.py:3096} INFO - Sync 1 DAGs
[2024-07-05T23:08:13.175+0000] {logging_mixin.py:188} INFO - [2024-07-05T23:08:13.174+0000] {dag.py:3954} INFO - Setting next_dagrun for Binance_ETL to 2024-07-05 00:00:00+00:00, run_after=2024-07-06 00:00:00+00:00
[2024-07-05T23:08:13.208+0000] {processor.py:183} INFO - Processing /opt/airflow/dags/main.py took 1.603 seconds
[2024-07-05T23:08:43.472+0000] {processor.py:161} INFO - Started process (PID=1210) to work on /opt/airflow/dags/main.py
[2024-07-05T23:08:43.474+0000] {processor.py:830} INFO - Processing file /opt/airflow/dags/main.py for tasks to queue
[2024-07-05T23:08:43.476+0000] {logging_mixin.py:188} INFO - [2024-07-05T23:08:43.476+0000] {dagbag.py:545} INFO - Filling up the DagBag from /opt/airflow/dags/main.py
[2024-07-05T23:08:44.993+0000] {processor.py:840} INFO - DAG(s) 'Binance_ETL' retrieved from /opt/airflow/dags/main.py
[2024-07-05T23:08:45.027+0000] {logging_mixin.py:188} INFO - [2024-07-05T23:08:45.027+0000] {dag.py:3096} INFO - Sync 1 DAGs
[2024-07-05T23:08:45.058+0000] {logging_mixin.py:188} INFO - [2024-07-05T23:08:45.057+0000] {dag.py:3954} INFO - Setting next_dagrun for Binance_ETL to 2024-07-05 00:00:00+00:00, run_after=2024-07-06 00:00:00+00:00
[2024-07-05T23:08:45.097+0000] {processor.py:183} INFO - Processing /opt/airflow/dags/main.py took 1.634 seconds
[2024-07-05T23:09:15.387+0000] {processor.py:161} INFO - Started process (PID=1224) to work on /opt/airflow/dags/main.py
[2024-07-05T23:09:15.388+0000] {processor.py:830} INFO - Processing file /opt/airflow/dags/main.py for tasks to queue
[2024-07-05T23:09:15.391+0000] {logging_mixin.py:188} INFO - [2024-07-05T23:09:15.391+0000] {dagbag.py:545} INFO - Filling up the DagBag from /opt/airflow/dags/main.py
[2024-07-05T23:09:16.860+0000] {processor.py:840} INFO - DAG(s) 'Binance_ETL' retrieved from /opt/airflow/dags/main.py
[2024-07-05T23:09:16.891+0000] {logging_mixin.py:188} INFO - [2024-07-05T23:09:16.891+0000] {dag.py:3096} INFO - Sync 1 DAGs
[2024-07-05T23:09:16.922+0000] {logging_mixin.py:188} INFO - [2024-07-05T23:09:16.922+0000] {dag.py:3954} INFO - Setting next_dagrun for Binance_ETL to 2024-07-05 00:00:00+00:00, run_after=2024-07-06 00:00:00+00:00
[2024-07-05T23:09:16.956+0000] {processor.py:183} INFO - Processing /opt/airflow/dags/main.py took 1.592 seconds
[2024-07-05T23:09:47.234+0000] {processor.py:161} INFO - Started process (PID=1233) to work on /opt/airflow/dags/main.py
[2024-07-05T23:09:47.248+0000] {processor.py:830} INFO - Processing file /opt/airflow/dags/main.py for tasks to queue
[2024-07-05T23:09:47.256+0000] {logging_mixin.py:188} INFO - [2024-07-05T23:09:47.255+0000] {dagbag.py:545} INFO - Filling up the DagBag from /opt/airflow/dags/main.py
[2024-07-05T23:09:48.755+0000] {processor.py:840} INFO - DAG(s) 'Binance_ETL' retrieved from /opt/airflow/dags/main.py
[2024-07-05T23:09:48.787+0000] {logging_mixin.py:188} INFO - [2024-07-05T23:09:48.786+0000] {dag.py:3096} INFO - Sync 1 DAGs
[2024-07-05T23:09:48.815+0000] {logging_mixin.py:188} INFO - [2024-07-05T23:09:48.815+0000] {dag.py:3954} INFO - Setting next_dagrun for Binance_ETL to 2024-07-05 00:00:00+00:00, run_after=2024-07-06 00:00:00+00:00
[2024-07-05T23:09:48.852+0000] {processor.py:183} INFO - Processing /opt/airflow/dags/main.py took 1.632 seconds
[2024-07-05T23:10:19.113+0000] {processor.py:161} INFO - Started process (PID=1242) to work on /opt/airflow/dags/main.py
[2024-07-05T23:10:19.116+0000] {processor.py:830} INFO - Processing file /opt/airflow/dags/main.py for tasks to queue
[2024-07-05T23:10:19.119+0000] {logging_mixin.py:188} INFO - [2024-07-05T23:10:19.118+0000] {dagbag.py:545} INFO - Filling up the DagBag from /opt/airflow/dags/main.py
[2024-07-05T23:10:20.590+0000] {processor.py:840} INFO - DAG(s) 'Binance_ETL' retrieved from /opt/airflow/dags/main.py
[2024-07-05T23:10:20.621+0000] {logging_mixin.py:188} INFO - [2024-07-05T23:10:20.621+0000] {dag.py:3096} INFO - Sync 1 DAGs
[2024-07-05T23:10:20.652+0000] {logging_mixin.py:188} INFO - [2024-07-05T23:10:20.651+0000] {dag.py:3954} INFO - Setting next_dagrun for Binance_ETL to 2024-07-05 00:00:00+00:00, run_after=2024-07-06 00:00:00+00:00
[2024-07-05T23:10:20.696+0000] {processor.py:183} INFO - Processing /opt/airflow/dags/main.py took 1.599 seconds
[2024-07-05T23:10:50.965+0000] {processor.py:161} INFO - Started process (PID=1251) to work on /opt/airflow/dags/main.py
[2024-07-05T23:10:50.982+0000] {processor.py:830} INFO - Processing file /opt/airflow/dags/main.py for tasks to queue
[2024-07-05T23:10:50.992+0000] {logging_mixin.py:188} INFO - [2024-07-05T23:10:50.990+0000] {dagbag.py:545} INFO - Filling up the DagBag from /opt/airflow/dags/main.py
[2024-07-05T23:10:52.681+0000] {processor.py:840} INFO - DAG(s) 'Binance_ETL' retrieved from /opt/airflow/dags/main.py
[2024-07-05T23:10:52.712+0000] {logging_mixin.py:188} INFO - [2024-07-05T23:10:52.711+0000] {dag.py:3096} INFO - Sync 1 DAGs
[2024-07-05T23:10:52.741+0000] {logging_mixin.py:188} INFO - [2024-07-05T23:10:52.741+0000] {dag.py:3954} INFO - Setting next_dagrun for Binance_ETL to 2024-07-05 00:00:00+00:00, run_after=2024-07-06 00:00:00+00:00
[2024-07-05T23:10:52.810+0000] {processor.py:183} INFO - Processing /opt/airflow/dags/main.py took 1.876 seconds
[2024-07-05T23:11:23.096+0000] {processor.py:161} INFO - Started process (PID=1260) to work on /opt/airflow/dags/main.py
[2024-07-05T23:11:23.098+0000] {processor.py:830} INFO - Processing file /opt/airflow/dags/main.py for tasks to queue
[2024-07-05T23:11:23.101+0000] {logging_mixin.py:188} INFO - [2024-07-05T23:11:23.100+0000] {dagbag.py:545} INFO - Filling up the DagBag from /opt/airflow/dags/main.py
[2024-07-05T23:11:24.577+0000] {processor.py:840} INFO - DAG(s) 'Binance_ETL' retrieved from /opt/airflow/dags/main.py
[2024-07-05T23:11:24.607+0000] {logging_mixin.py:188} INFO - [2024-07-05T23:11:24.606+0000] {dag.py:3096} INFO - Sync 1 DAGs
[2024-07-05T23:11:24.636+0000] {logging_mixin.py:188} INFO - [2024-07-05T23:11:24.636+0000] {dag.py:3954} INFO - Setting next_dagrun for Binance_ETL to 2024-07-05 00:00:00+00:00, run_after=2024-07-06 00:00:00+00:00
[2024-07-05T23:11:24.700+0000] {processor.py:183} INFO - Processing /opt/airflow/dags/main.py took 1.629 seconds
[2024-07-05T23:11:54.964+0000] {processor.py:161} INFO - Started process (PID=1269) to work on /opt/airflow/dags/main.py
[2024-07-05T23:11:54.992+0000] {processor.py:830} INFO - Processing file /opt/airflow/dags/main.py for tasks to queue
[2024-07-05T23:11:55.000+0000] {logging_mixin.py:188} INFO - [2024-07-05T23:11:54.998+0000] {dagbag.py:545} INFO - Filling up the DagBag from /opt/airflow/dags/main.py
[2024-07-05T23:11:56.484+0000] {processor.py:840} INFO - DAG(s) 'Binance_ETL' retrieved from /opt/airflow/dags/main.py
[2024-07-05T23:11:56.516+0000] {logging_mixin.py:188} INFO - [2024-07-05T23:11:56.515+0000] {dag.py:3096} INFO - Sync 1 DAGs
[2024-07-05T23:11:56.548+0000] {logging_mixin.py:188} INFO - [2024-07-05T23:11:56.547+0000] {dag.py:3954} INFO - Setting next_dagrun for Binance_ETL to 2024-07-05 00:00:00+00:00, run_after=2024-07-06 00:00:00+00:00
[2024-07-05T23:11:56.569+0000] {processor.py:183} INFO - Processing /opt/airflow/dags/main.py took 1.626 seconds
[2024-07-05T23:12:26.854+0000] {processor.py:161} INFO - Started process (PID=1278) to work on /opt/airflow/dags/main.py
[2024-07-05T23:12:26.856+0000] {processor.py:830} INFO - Processing file /opt/airflow/dags/main.py for tasks to queue
[2024-07-05T23:12:26.860+0000] {logging_mixin.py:188} INFO - [2024-07-05T23:12:26.859+0000] {dagbag.py:545} INFO - Filling up the DagBag from /opt/airflow/dags/main.py
[2024-07-05T23:12:28.355+0000] {processor.py:840} INFO - DAG(s) 'Binance_ETL' retrieved from /opt/airflow/dags/main.py
[2024-07-05T23:12:28.386+0000] {logging_mixin.py:188} INFO - [2024-07-05T23:12:28.385+0000] {dag.py:3096} INFO - Sync 1 DAGs
[2024-07-05T23:12:28.421+0000] {logging_mixin.py:188} INFO - [2024-07-05T23:12:28.420+0000] {dag.py:3954} INFO - Setting next_dagrun for Binance_ETL to 2024-07-05 00:00:00+00:00, run_after=2024-07-06 00:00:00+00:00
[2024-07-05T23:12:28.481+0000] {processor.py:183} INFO - Processing /opt/airflow/dags/main.py took 1.652 seconds
[2024-07-05T23:12:58.804+0000] {processor.py:161} INFO - Started process (PID=1286) to work on /opt/airflow/dags/main.py
[2024-07-05T23:12:58.805+0000] {processor.py:830} INFO - Processing file /opt/airflow/dags/main.py for tasks to queue
[2024-07-05T23:12:58.808+0000] {logging_mixin.py:188} INFO - [2024-07-05T23:12:58.808+0000] {dagbag.py:545} INFO - Filling up the DagBag from /opt/airflow/dags/main.py
[2024-07-05T23:13:00.431+0000] {processor.py:840} INFO - DAG(s) 'Binance_ETL' retrieved from /opt/airflow/dags/main.py
[2024-07-05T23:13:00.462+0000] {logging_mixin.py:188} INFO - [2024-07-05T23:13:00.462+0000] {dag.py:3096} INFO - Sync 1 DAGs
[2024-07-05T23:13:00.491+0000] {logging_mixin.py:188} INFO - [2024-07-05T23:13:00.491+0000] {dag.py:3954} INFO - Setting next_dagrun for Binance_ETL to 2024-07-05 00:00:00+00:00, run_after=2024-07-06 00:00:00+00:00
[2024-07-05T23:13:00.563+0000] {processor.py:183} INFO - Processing /opt/airflow/dags/main.py took 1.789 seconds
[2024-07-05T23:13:30.694+0000] {processor.py:161} INFO - Started process (PID=1295) to work on /opt/airflow/dags/main.py
[2024-07-05T23:13:30.698+0000] {processor.py:830} INFO - Processing file /opt/airflow/dags/main.py for tasks to queue
[2024-07-05T23:13:30.707+0000] {logging_mixin.py:188} INFO - [2024-07-05T23:13:30.705+0000] {dagbag.py:545} INFO - Filling up the DagBag from /opt/airflow/dags/main.py
[2024-07-05T23:13:32.605+0000] {processor.py:840} INFO - DAG(s) 'Binance_ETL' retrieved from /opt/airflow/dags/main.py
[2024-07-05T23:13:32.668+0000] {logging_mixin.py:188} INFO - [2024-07-05T23:13:32.667+0000] {dag.py:3096} INFO - Sync 1 DAGs
[2024-07-05T23:13:32.696+0000] {logging_mixin.py:188} INFO - [2024-07-05T23:13:32.696+0000] {dag.py:3954} INFO - Setting next_dagrun for Binance_ETL to 2024-07-05 00:00:00+00:00, run_after=2024-07-06 00:00:00+00:00
[2024-07-05T23:13:32.717+0000] {processor.py:183} INFO - Processing /opt/airflow/dags/main.py took 2.063 seconds
[2024-07-05T23:14:02.947+0000] {processor.py:161} INFO - Started process (PID=1303) to work on /opt/airflow/dags/main.py
[2024-07-05T23:14:02.948+0000] {processor.py:830} INFO - Processing file /opt/airflow/dags/main.py for tasks to queue
[2024-07-05T23:14:02.957+0000] {logging_mixin.py:188} INFO - [2024-07-05T23:14:02.954+0000] {dagbag.py:545} INFO - Filling up the DagBag from /opt/airflow/dags/main.py
[2024-07-05T23:14:05.134+0000] {processor.py:840} INFO - DAG(s) 'Binance_ETL' retrieved from /opt/airflow/dags/main.py
[2024-07-05T23:14:05.324+0000] {logging_mixin.py:188} INFO - [2024-07-05T23:14:05.322+0000] {dag.py:3096} INFO - Sync 1 DAGs
[2024-07-05T23:14:05.363+0000] {logging_mixin.py:188} INFO - [2024-07-05T23:14:05.363+0000] {dag.py:3954} INFO - Setting next_dagrun for Binance_ETL to 2024-07-05 00:00:00+00:00, run_after=2024-07-06 00:00:00+00:00
[2024-07-05T23:14:05.390+0000] {processor.py:183} INFO - Processing /opt/airflow/dags/main.py took 2.455 seconds
[2024-07-05T23:31:19.447+0000] {processor.py:161} INFO - Started process (PID=54) to work on /opt/airflow/dags/main.py
[2024-07-05T23:31:19.449+0000] {processor.py:830} INFO - Processing file /opt/airflow/dags/main.py for tasks to queue
[2024-07-05T23:31:19.456+0000] {logging_mixin.py:188} INFO - [2024-07-05T23:31:19.456+0000] {dagbag.py:545} INFO - Filling up the DagBag from /opt/airflow/dags/main.py
[2024-07-05T23:31:21.181+0000] {processor.py:840} INFO - DAG(s) 'Binance_ETL' retrieved from /opt/airflow/dags/main.py
[2024-07-05T23:31:21.426+0000] {logging_mixin.py:188} INFO - [2024-07-05T23:31:21.426+0000] {dag.py:3096} INFO - Sync 1 DAGs
[2024-07-05T23:31:21.468+0000] {logging_mixin.py:188} INFO - [2024-07-05T23:31:21.467+0000] {dag.py:3954} INFO - Setting next_dagrun for Binance_ETL to 2024-07-05 00:00:00+00:00, run_after=2024-07-06 00:00:00+00:00
[2024-07-05T23:31:21.495+0000] {processor.py:183} INFO - Processing /opt/airflow/dags/main.py took 2.057 seconds
[2024-07-05T23:31:51.766+0000] {processor.py:161} INFO - Started process (PID=68) to work on /opt/airflow/dags/main.py
[2024-07-05T23:31:51.767+0000] {processor.py:830} INFO - Processing file /opt/airflow/dags/main.py for tasks to queue
[2024-07-05T23:31:51.769+0000] {logging_mixin.py:188} INFO - [2024-07-05T23:31:51.769+0000] {dagbag.py:545} INFO - Filling up the DagBag from /opt/airflow/dags/main.py
[2024-07-05T23:31:53.621+0000] {processor.py:840} INFO - DAG(s) 'Binance_ETL' retrieved from /opt/airflow/dags/main.py
[2024-07-05T23:31:53.661+0000] {logging_mixin.py:188} INFO - [2024-07-05T23:31:53.661+0000] {dag.py:3096} INFO - Sync 1 DAGs
[2024-07-05T23:31:53.697+0000] {logging_mixin.py:188} INFO - [2024-07-05T23:31:53.697+0000] {dag.py:3954} INFO - Setting next_dagrun for Binance_ETL to 2024-07-05 00:00:00+00:00, run_after=2024-07-06 00:00:00+00:00
[2024-07-05T23:31:53.721+0000] {processor.py:183} INFO - Processing /opt/airflow/dags/main.py took 1.965 seconds
[2024-07-05T23:32:23.957+0000] {processor.py:161} INFO - Started process (PID=77) to work on /opt/airflow/dags/main.py
[2024-07-05T23:32:23.958+0000] {processor.py:830} INFO - Processing file /opt/airflow/dags/main.py for tasks to queue
[2024-07-05T23:32:23.960+0000] {logging_mixin.py:188} INFO - [2024-07-05T23:32:23.960+0000] {dagbag.py:545} INFO - Filling up the DagBag from /opt/airflow/dags/main.py
[2024-07-05T23:32:25.678+0000] {processor.py:840} INFO - DAG(s) 'Binance_ETL' retrieved from /opt/airflow/dags/main.py
[2024-07-05T23:32:25.810+0000] {logging_mixin.py:188} INFO - [2024-07-05T23:32:25.810+0000] {dag.py:3096} INFO - Sync 1 DAGs
[2024-07-05T23:32:25.889+0000] {logging_mixin.py:188} INFO - [2024-07-05T23:32:25.889+0000] {dag.py:3954} INFO - Setting next_dagrun for Binance_ETL to 2024-07-05 00:00:00+00:00, run_after=2024-07-06 00:00:00+00:00
[2024-07-05T23:32:25.925+0000] {processor.py:183} INFO - Processing /opt/airflow/dags/main.py took 1.977 seconds
[2024-07-05T23:32:56.207+0000] {processor.py:161} INFO - Started process (PID=87) to work on /opt/airflow/dags/main.py
[2024-07-05T23:32:56.219+0000] {processor.py:830} INFO - Processing file /opt/airflow/dags/main.py for tasks to queue
[2024-07-05T23:32:56.222+0000] {logging_mixin.py:188} INFO - [2024-07-05T23:32:56.221+0000] {dagbag.py:545} INFO - Filling up the DagBag from /opt/airflow/dags/main.py
[2024-07-05T23:32:57.775+0000] {processor.py:840} INFO - DAG(s) 'Binance_ETL' retrieved from /opt/airflow/dags/main.py
[2024-07-05T23:32:57.806+0000] {logging_mixin.py:188} INFO - [2024-07-05T23:32:57.805+0000] {dag.py:3096} INFO - Sync 1 DAGs
[2024-07-05T23:32:57.835+0000] {logging_mixin.py:188} INFO - [2024-07-05T23:32:57.835+0000] {dag.py:3954} INFO - Setting next_dagrun for Binance_ETL to 2024-07-05 00:00:00+00:00, run_after=2024-07-06 00:00:00+00:00
[2024-07-05T23:32:57.870+0000] {processor.py:183} INFO - Processing /opt/airflow/dags/main.py took 1.672 seconds
[2024-07-05T23:33:28.161+0000] {processor.py:161} INFO - Started process (PID=96) to work on /opt/airflow/dags/main.py
[2024-07-05T23:33:28.175+0000] {processor.py:830} INFO - Processing file /opt/airflow/dags/main.py for tasks to queue
[2024-07-05T23:33:28.183+0000] {logging_mixin.py:188} INFO - [2024-07-05T23:33:28.181+0000] {dagbag.py:545} INFO - Filling up the DagBag from /opt/airflow/dags/main.py
[2024-07-05T23:33:29.679+0000] {processor.py:840} INFO - DAG(s) 'Binance_ETL' retrieved from /opt/airflow/dags/main.py
[2024-07-05T23:33:29.709+0000] {logging_mixin.py:188} INFO - [2024-07-05T23:33:29.708+0000] {dag.py:3096} INFO - Sync 1 DAGs
[2024-07-05T23:33:29.737+0000] {logging_mixin.py:188} INFO - [2024-07-05T23:33:29.737+0000] {dag.py:3954} INFO - Setting next_dagrun for Binance_ETL to 2024-07-05 00:00:00+00:00, run_after=2024-07-06 00:00:00+00:00
[2024-07-05T23:33:29.779+0000] {processor.py:183} INFO - Processing /opt/airflow/dags/main.py took 1.643 seconds
[2024-07-05T23:34:00.037+0000] {processor.py:161} INFO - Started process (PID=105) to work on /opt/airflow/dags/main.py
[2024-07-05T23:34:00.039+0000] {processor.py:830} INFO - Processing file /opt/airflow/dags/main.py for tasks to queue
[2024-07-05T23:34:00.042+0000] {logging_mixin.py:188} INFO - [2024-07-05T23:34:00.041+0000] {dagbag.py:545} INFO - Filling up the DagBag from /opt/airflow/dags/main.py
[2024-07-05T23:34:01.526+0000] {processor.py:840} INFO - DAG(s) 'Binance_ETL' retrieved from /opt/airflow/dags/main.py
[2024-07-05T23:34:01.557+0000] {logging_mixin.py:188} INFO - [2024-07-05T23:34:01.556+0000] {dag.py:3096} INFO - Sync 1 DAGs
[2024-07-05T23:34:01.588+0000] {logging_mixin.py:188} INFO - [2024-07-05T23:34:01.587+0000] {dag.py:3954} INFO - Setting next_dagrun for Binance_ETL to 2024-07-05 00:00:00+00:00, run_after=2024-07-06 00:00:00+00:00
[2024-07-05T23:34:01.631+0000] {processor.py:183} INFO - Processing /opt/airflow/dags/main.py took 1.609 seconds
[2024-07-05T23:34:31.925+0000] {processor.py:161} INFO - Started process (PID=114) to work on /opt/airflow/dags/main.py
[2024-07-05T23:34:31.941+0000] {processor.py:830} INFO - Processing file /opt/airflow/dags/main.py for tasks to queue
[2024-07-05T23:34:31.950+0000] {logging_mixin.py:188} INFO - [2024-07-05T23:34:31.949+0000] {dagbag.py:545} INFO - Filling up the DagBag from /opt/airflow/dags/main.py
[2024-07-05T23:34:33.456+0000] {processor.py:840} INFO - DAG(s) 'Binance_ETL' retrieved from /opt/airflow/dags/main.py
[2024-07-05T23:34:33.487+0000] {logging_mixin.py:188} INFO - [2024-07-05T23:34:33.487+0000] {dag.py:3096} INFO - Sync 1 DAGs
[2024-07-05T23:34:33.519+0000] {logging_mixin.py:188} INFO - [2024-07-05T23:34:33.519+0000] {dag.py:3954} INFO - Setting next_dagrun for Binance_ETL to 2024-07-05 00:00:00+00:00, run_after=2024-07-06 00:00:00+00:00
[2024-07-05T23:34:33.571+0000] {processor.py:183} INFO - Processing /opt/airflow/dags/main.py took 1.658 seconds
[2024-07-05T23:35:03.844+0000] {processor.py:161} INFO - Started process (PID=123) to work on /opt/airflow/dags/main.py
[2024-07-05T23:35:03.860+0000] {processor.py:830} INFO - Processing file /opt/airflow/dags/main.py for tasks to queue
[2024-07-05T23:35:03.870+0000] {logging_mixin.py:188} INFO - [2024-07-05T23:35:03.868+0000] {dagbag.py:545} INFO - Filling up the DagBag from /opt/airflow/dags/main.py
[2024-07-05T23:35:05.341+0000] {processor.py:840} INFO - DAG(s) 'Binance_ETL' retrieved from /opt/airflow/dags/main.py
[2024-07-05T23:35:05.372+0000] {logging_mixin.py:188} INFO - [2024-07-05T23:35:05.372+0000] {dag.py:3096} INFO - Sync 1 DAGs
[2024-07-05T23:35:05.401+0000] {logging_mixin.py:188} INFO - [2024-07-05T23:35:05.401+0000] {dag.py:3954} INFO - Setting next_dagrun for Binance_ETL to 2024-07-05 00:00:00+00:00, run_after=2024-07-06 00:00:00+00:00
[2024-07-05T23:35:05.442+0000] {processor.py:183} INFO - Processing /opt/airflow/dags/main.py took 1.622 seconds
[2024-07-05T23:35:35.706+0000] {processor.py:161} INFO - Started process (PID=132) to work on /opt/airflow/dags/main.py
[2024-07-05T23:35:35.727+0000] {processor.py:830} INFO - Processing file /opt/airflow/dags/main.py for tasks to queue
[2024-07-05T23:35:35.735+0000] {logging_mixin.py:188} INFO - [2024-07-05T23:35:35.733+0000] {dagbag.py:545} INFO - Filling up the DagBag from /opt/airflow/dags/main.py
[2024-07-05T23:35:37.256+0000] {processor.py:840} INFO - DAG(s) 'Binance_ETL' retrieved from /opt/airflow/dags/main.py
[2024-07-05T23:35:37.287+0000] {logging_mixin.py:188} INFO - [2024-07-05T23:35:37.287+0000] {dag.py:3096} INFO - Sync 1 DAGs
[2024-07-05T23:35:37.316+0000] {logging_mixin.py:188} INFO - [2024-07-05T23:35:37.316+0000] {dag.py:3954} INFO - Setting next_dagrun for Binance_ETL to 2024-07-05 00:00:00+00:00, run_after=2024-07-06 00:00:00+00:00
[2024-07-05T23:35:37.364+0000] {processor.py:183} INFO - Processing /opt/airflow/dags/main.py took 1.676 seconds
[2024-07-05T23:36:07.645+0000] {processor.py:161} INFO - Started process (PID=141) to work on /opt/airflow/dags/main.py
[2024-07-05T23:36:07.665+0000] {processor.py:830} INFO - Processing file /opt/airflow/dags/main.py for tasks to queue
[2024-07-05T23:36:07.670+0000] {logging_mixin.py:188} INFO - [2024-07-05T23:36:07.669+0000] {dagbag.py:545} INFO - Filling up the DagBag from /opt/airflow/dags/main.py
[2024-07-05T23:36:09.199+0000] {processor.py:840} INFO - DAG(s) 'Binance_ETL' retrieved from /opt/airflow/dags/main.py
[2024-07-05T23:36:09.230+0000] {logging_mixin.py:188} INFO - [2024-07-05T23:36:09.229+0000] {dag.py:3096} INFO - Sync 1 DAGs
[2024-07-05T23:36:09.260+0000] {logging_mixin.py:188} INFO - [2024-07-05T23:36:09.259+0000] {dag.py:3954} INFO - Setting next_dagrun for Binance_ETL to 2024-07-05 00:00:00+00:00, run_after=2024-07-06 00:00:00+00:00
[2024-07-05T23:36:09.293+0000] {processor.py:183} INFO - Processing /opt/airflow/dags/main.py took 1.672 seconds
[2024-07-05T23:36:39.604+0000] {processor.py:161} INFO - Started process (PID=150) to work on /opt/airflow/dags/main.py
[2024-07-05T23:36:39.627+0000] {processor.py:830} INFO - Processing file /opt/airflow/dags/main.py for tasks to queue
[2024-07-05T23:36:39.635+0000] {logging_mixin.py:188} INFO - [2024-07-05T23:36:39.633+0000] {dagbag.py:545} INFO - Filling up the DagBag from /opt/airflow/dags/main.py
[2024-07-05T23:36:41.170+0000] {processor.py:840} INFO - DAG(s) 'Binance_ETL' retrieved from /opt/airflow/dags/main.py
[2024-07-05T23:36:41.200+0000] {logging_mixin.py:188} INFO - [2024-07-05T23:36:41.199+0000] {dag.py:3096} INFO - Sync 1 DAGs
[2024-07-05T23:36:41.231+0000] {logging_mixin.py:188} INFO - [2024-07-05T23:36:41.231+0000] {dag.py:3954} INFO - Setting next_dagrun for Binance_ETL to 2024-07-05 00:00:00+00:00, run_after=2024-07-06 00:00:00+00:00
[2024-07-05T23:36:41.283+0000] {processor.py:183} INFO - Processing /opt/airflow/dags/main.py took 1.713 seconds
[2024-07-05T23:37:11.522+0000] {processor.py:161} INFO - Started process (PID=159) to work on /opt/airflow/dags/main.py
[2024-07-05T23:37:11.543+0000] {processor.py:830} INFO - Processing file /opt/airflow/dags/main.py for tasks to queue
[2024-07-05T23:37:11.545+0000] {logging_mixin.py:188} INFO - [2024-07-05T23:37:11.545+0000] {dagbag.py:545} INFO - Filling up the DagBag from /opt/airflow/dags/main.py
[2024-07-05T23:37:13.138+0000] {processor.py:840} INFO - DAG(s) 'Binance_ETL' retrieved from /opt/airflow/dags/main.py
[2024-07-05T23:37:13.168+0000] {logging_mixin.py:188} INFO - [2024-07-05T23:37:13.168+0000] {dag.py:3096} INFO - Sync 1 DAGs
[2024-07-05T23:37:13.201+0000] {logging_mixin.py:188} INFO - [2024-07-05T23:37:13.200+0000] {dag.py:3954} INFO - Setting next_dagrun for Binance_ETL to 2024-07-05 00:00:00+00:00, run_after=2024-07-06 00:00:00+00:00
[2024-07-05T23:37:13.262+0000] {processor.py:183} INFO - Processing /opt/airflow/dags/main.py took 1.749 seconds
[2024-07-05T23:37:43.379+0000] {processor.py:161} INFO - Started process (PID=167) to work on /opt/airflow/dags/main.py
[2024-07-05T23:37:43.391+0000] {processor.py:830} INFO - Processing file /opt/airflow/dags/main.py for tasks to queue
[2024-07-05T23:37:43.394+0000] {logging_mixin.py:188} INFO - [2024-07-05T23:37:43.393+0000] {dagbag.py:545} INFO - Filling up the DagBag from /opt/airflow/dags/main.py
[2024-07-05T23:37:44.894+0000] {processor.py:840} INFO - DAG(s) 'Binance_ETL' retrieved from /opt/airflow/dags/main.py
[2024-07-05T23:37:44.932+0000] {logging_mixin.py:188} INFO - [2024-07-05T23:37:44.931+0000] {dag.py:3096} INFO - Sync 1 DAGs
[2024-07-05T23:37:44.962+0000] {logging_mixin.py:188} INFO - [2024-07-05T23:37:44.962+0000] {dag.py:3954} INFO - Setting next_dagrun for Binance_ETL to 2024-07-05 00:00:00+00:00, run_after=2024-07-06 00:00:00+00:00
[2024-07-05T23:37:44.987+0000] {processor.py:183} INFO - Processing /opt/airflow/dags/main.py took 1.617 seconds
[2024-07-05T23:38:15.227+0000] {processor.py:161} INFO - Started process (PID=176) to work on /opt/airflow/dags/main.py
[2024-07-05T23:38:15.250+0000] {processor.py:830} INFO - Processing file /opt/airflow/dags/main.py for tasks to queue
[2024-07-05T23:38:15.252+0000] {logging_mixin.py:188} INFO - [2024-07-05T23:38:15.251+0000] {dagbag.py:545} INFO - Filling up the DagBag from /opt/airflow/dags/main.py
[2024-07-05T23:38:16.746+0000] {processor.py:840} INFO - DAG(s) 'Binance_ETL' retrieved from /opt/airflow/dags/main.py
[2024-07-05T23:38:16.777+0000] {logging_mixin.py:188} INFO - [2024-07-05T23:38:16.777+0000] {dag.py:3096} INFO - Sync 1 DAGs
[2024-07-05T23:38:16.806+0000] {logging_mixin.py:188} INFO - [2024-07-05T23:38:16.806+0000] {dag.py:3954} INFO - Setting next_dagrun for Binance_ETL to 2024-07-05 00:00:00+00:00, run_after=2024-07-06 00:00:00+00:00
[2024-07-05T23:38:16.849+0000] {processor.py:183} INFO - Processing /opt/airflow/dags/main.py took 1.630 seconds
[2024-07-05T23:38:47.001+0000] {processor.py:161} INFO - Started process (PID=185) to work on /opt/airflow/dags/main.py
[2024-07-05T23:38:47.012+0000] {processor.py:830} INFO - Processing file /opt/airflow/dags/main.py for tasks to queue
[2024-07-05T23:38:47.021+0000] {logging_mixin.py:188} INFO - [2024-07-05T23:38:47.020+0000] {dagbag.py:545} INFO - Filling up the DagBag from /opt/airflow/dags/main.py
[2024-07-05T23:38:48.503+0000] {processor.py:840} INFO - DAG(s) 'Binance_ETL' retrieved from /opt/airflow/dags/main.py
[2024-07-05T23:38:48.533+0000] {logging_mixin.py:188} INFO - [2024-07-05T23:38:48.532+0000] {dag.py:3096} INFO - Sync 1 DAGs
[2024-07-05T23:38:48.561+0000] {logging_mixin.py:188} INFO - [2024-07-05T23:38:48.561+0000] {dag.py:3954} INFO - Setting next_dagrun for Binance_ETL to 2024-07-05 00:00:00+00:00, run_after=2024-07-06 00:00:00+00:00
[2024-07-05T23:38:48.598+0000] {processor.py:183} INFO - Processing /opt/airflow/dags/main.py took 1.610 seconds
[2024-07-05T23:39:18.869+0000] {processor.py:161} INFO - Started process (PID=194) to work on /opt/airflow/dags/main.py
[2024-07-05T23:39:18.880+0000] {processor.py:830} INFO - Processing file /opt/airflow/dags/main.py for tasks to queue
[2024-07-05T23:39:18.883+0000] {logging_mixin.py:188} INFO - [2024-07-05T23:39:18.883+0000] {dagbag.py:545} INFO - Filling up the DagBag from /opt/airflow/dags/main.py
[2024-07-05T23:39:20.369+0000] {processor.py:840} INFO - DAG(s) 'Binance_ETL' retrieved from /opt/airflow/dags/main.py
[2024-07-05T23:39:20.401+0000] {logging_mixin.py:188} INFO - [2024-07-05T23:39:20.401+0000] {dag.py:3096} INFO - Sync 1 DAGs
[2024-07-05T23:39:20.431+0000] {logging_mixin.py:188} INFO - [2024-07-05T23:39:20.431+0000] {dag.py:3954} INFO - Setting next_dagrun for Binance_ETL to 2024-07-05 00:00:00+00:00, run_after=2024-07-06 00:00:00+00:00
[2024-07-05T23:39:20.483+0000] {processor.py:183} INFO - Processing /opt/airflow/dags/main.py took 1.628 seconds
[2024-07-05T23:39:50.539+0000] {processor.py:161} INFO - Started process (PID=203) to work on /opt/airflow/dags/main.py
[2024-07-05T23:39:50.551+0000] {processor.py:830} INFO - Processing file /opt/airflow/dags/main.py for tasks to queue
[2024-07-05T23:39:50.558+0000] {logging_mixin.py:188} INFO - [2024-07-05T23:39:50.557+0000] {dagbag.py:545} INFO - Filling up the DagBag from /opt/airflow/dags/main.py
[2024-07-05T23:39:52.087+0000] {processor.py:840} INFO - DAG(s) 'Binance_ETL' retrieved from /opt/airflow/dags/main.py
[2024-07-05T23:39:52.118+0000] {logging_mixin.py:188} INFO - [2024-07-05T23:39:52.118+0000] {dag.py:3096} INFO - Sync 1 DAGs
[2024-07-05T23:39:52.150+0000] {logging_mixin.py:188} INFO - [2024-07-05T23:39:52.150+0000] {dag.py:3954} INFO - Setting next_dagrun for Binance_ETL to 2024-07-05 00:00:00+00:00, run_after=2024-07-06 00:00:00+00:00
[2024-07-05T23:39:52.189+0000] {processor.py:183} INFO - Processing /opt/airflow/dags/main.py took 1.658 seconds
[2024-07-05T23:40:22.477+0000] {processor.py:161} INFO - Started process (PID=212) to work on /opt/airflow/dags/main.py
[2024-07-05T23:40:22.482+0000] {processor.py:830} INFO - Processing file /opt/airflow/dags/main.py for tasks to queue
[2024-07-05T23:40:22.486+0000] {logging_mixin.py:188} INFO - [2024-07-05T23:40:22.486+0000] {dagbag.py:545} INFO - Filling up the DagBag from /opt/airflow/dags/main.py
[2024-07-05T23:40:24.102+0000] {processor.py:840} INFO - DAG(s) 'Binance_ETL' retrieved from /opt/airflow/dags/main.py
[2024-07-05T23:40:24.134+0000] {logging_mixin.py:188} INFO - [2024-07-05T23:40:24.133+0000] {dag.py:3096} INFO - Sync 1 DAGs
[2024-07-05T23:40:24.165+0000] {logging_mixin.py:188} INFO - [2024-07-05T23:40:24.165+0000] {dag.py:3954} INFO - Setting next_dagrun for Binance_ETL to 2024-07-05 00:00:00+00:00, run_after=2024-07-06 00:00:00+00:00
[2024-07-05T23:40:24.204+0000] {processor.py:183} INFO - Processing /opt/airflow/dags/main.py took 1.749 seconds
[2024-07-05T23:40:54.491+0000] {processor.py:161} INFO - Started process (PID=227) to work on /opt/airflow/dags/main.py
[2024-07-05T23:40:54.494+0000] {processor.py:830} INFO - Processing file /opt/airflow/dags/main.py for tasks to queue
[2024-07-05T23:40:54.502+0000] {logging_mixin.py:188} INFO - [2024-07-05T23:40:54.501+0000] {dagbag.py:545} INFO - Filling up the DagBag from /opt/airflow/dags/main.py
[2024-07-05T23:40:55.972+0000] {processor.py:840} INFO - DAG(s) 'Binance_ETL' retrieved from /opt/airflow/dags/main.py
[2024-07-05T23:40:56.006+0000] {logging_mixin.py:188} INFO - [2024-07-05T23:40:56.005+0000] {dag.py:3096} INFO - Sync 1 DAGs
[2024-07-05T23:40:56.034+0000] {logging_mixin.py:188} INFO - [2024-07-05T23:40:56.033+0000] {dag.py:3954} INFO - Setting next_dagrun for Binance_ETL to 2024-07-05 00:00:00+00:00, run_after=2024-07-06 00:00:00+00:00
[2024-07-05T23:40:56.075+0000] {processor.py:183} INFO - Processing /opt/airflow/dags/main.py took 1.616 seconds
[2024-07-05T23:41:26.358+0000] {processor.py:161} INFO - Started process (PID=235) to work on /opt/airflow/dags/main.py
[2024-07-05T23:41:26.361+0000] {processor.py:830} INFO - Processing file /opt/airflow/dags/main.py for tasks to queue
[2024-07-05T23:41:26.365+0000] {logging_mixin.py:188} INFO - [2024-07-05T23:41:26.364+0000] {dagbag.py:545} INFO - Filling up the DagBag from /opt/airflow/dags/main.py
[2024-07-05T23:41:27.839+0000] {processor.py:840} INFO - DAG(s) 'Binance_ETL' retrieved from /opt/airflow/dags/main.py
[2024-07-05T23:41:27.870+0000] {logging_mixin.py:188} INFO - [2024-07-05T23:41:27.870+0000] {dag.py:3096} INFO - Sync 1 DAGs
[2024-07-05T23:41:27.899+0000] {logging_mixin.py:188} INFO - [2024-07-05T23:41:27.899+0000] {dag.py:3954} INFO - Setting next_dagrun for Binance_ETL to 2024-07-05 00:00:00+00:00, run_after=2024-07-06 00:00:00+00:00
[2024-07-05T23:41:27.950+0000] {processor.py:183} INFO - Processing /opt/airflow/dags/main.py took 1.618 seconds
[2024-07-05T23:41:58.171+0000] {processor.py:161} INFO - Started process (PID=244) to work on /opt/airflow/dags/main.py
[2024-07-05T23:41:58.172+0000] {processor.py:830} INFO - Processing file /opt/airflow/dags/main.py for tasks to queue
[2024-07-05T23:41:58.174+0000] {logging_mixin.py:188} INFO - [2024-07-05T23:41:58.174+0000] {dagbag.py:545} INFO - Filling up the DagBag from /opt/airflow/dags/main.py
[2024-07-05T23:41:59.677+0000] {processor.py:840} INFO - DAG(s) 'Binance_ETL' retrieved from /opt/airflow/dags/main.py
[2024-07-05T23:41:59.708+0000] {logging_mixin.py:188} INFO - [2024-07-05T23:41:59.707+0000] {dag.py:3096} INFO - Sync 1 DAGs
[2024-07-05T23:41:59.736+0000] {logging_mixin.py:188} INFO - [2024-07-05T23:41:59.736+0000] {dag.py:3954} INFO - Setting next_dagrun for Binance_ETL to 2024-07-05 00:00:00+00:00, run_after=2024-07-06 00:00:00+00:00
[2024-07-05T23:41:59.780+0000] {processor.py:183} INFO - Processing /opt/airflow/dags/main.py took 1.617 seconds
[2024-07-05T23:42:30.055+0000] {processor.py:161} INFO - Started process (PID=252) to work on /opt/airflow/dags/main.py
[2024-07-05T23:42:30.069+0000] {processor.py:830} INFO - Processing file /opt/airflow/dags/main.py for tasks to queue
[2024-07-05T23:42:30.076+0000] {logging_mixin.py:188} INFO - [2024-07-05T23:42:30.075+0000] {dagbag.py:545} INFO - Filling up the DagBag from /opt/airflow/dags/main.py
[2024-07-05T23:43:29.958+0000] {processor.py:161} INFO - Started process (PID=49) to work on /opt/airflow/dags/main.py
[2024-07-05T23:43:29.961+0000] {processor.py:830} INFO - Processing file /opt/airflow/dags/main.py for tasks to queue
[2024-07-05T23:43:29.964+0000] {logging_mixin.py:188} INFO - [2024-07-05T23:43:29.963+0000] {dagbag.py:545} INFO - Filling up the DagBag from /opt/airflow/dags/main.py
[2024-07-05T23:43:31.662+0000] {processor.py:840} INFO - DAG(s) 'Binance_ETL' retrieved from /opt/airflow/dags/main.py
[2024-07-05T23:43:31.878+0000] {logging_mixin.py:188} INFO - [2024-07-05T23:43:31.877+0000] {dag.py:3096} INFO - Sync 1 DAGs
[2024-07-05T23:43:31.948+0000] {logging_mixin.py:188} INFO - [2024-07-05T23:43:31.948+0000] {dag.py:3954} INFO - Setting next_dagrun for Binance_ETL to 2024-07-05 00:00:00+00:00, run_after=2024-07-06 00:00:00+00:00
[2024-07-05T23:43:31.981+0000] {processor.py:183} INFO - Processing /opt/airflow/dags/main.py took 2.044 seconds
[2024-07-05T23:44:02.160+0000] {processor.py:161} INFO - Started process (PID=64) to work on /opt/airflow/dags/main.py
[2024-07-05T23:44:02.181+0000] {processor.py:830} INFO - Processing file /opt/airflow/dags/main.py for tasks to queue
[2024-07-05T23:44:02.183+0000] {logging_mixin.py:188} INFO - [2024-07-05T23:44:02.183+0000] {dagbag.py:545} INFO - Filling up the DagBag from /opt/airflow/dags/main.py
[2024-07-05T23:44:03.652+0000] {processor.py:840} INFO - DAG(s) 'Binance_ETL' retrieved from /opt/airflow/dags/main.py
[2024-07-05T23:44:03.684+0000] {logging_mixin.py:188} INFO - [2024-07-05T23:44:03.683+0000] {dag.py:3096} INFO - Sync 1 DAGs
[2024-07-05T23:44:03.713+0000] {logging_mixin.py:188} INFO - [2024-07-05T23:44:03.713+0000] {dag.py:3954} INFO - Setting next_dagrun for Binance_ETL to 2024-07-05 00:00:00+00:00, run_after=2024-07-06 00:00:00+00:00
[2024-07-05T23:44:03.766+0000] {processor.py:183} INFO - Processing /opt/airflow/dags/main.py took 1.614 seconds
[2024-07-05T23:44:34.053+0000] {processor.py:161} INFO - Started process (PID=72) to work on /opt/airflow/dags/main.py
[2024-07-05T23:44:34.054+0000] {processor.py:830} INFO - Processing file /opt/airflow/dags/main.py for tasks to queue
[2024-07-05T23:44:34.057+0000] {logging_mixin.py:188} INFO - [2024-07-05T23:44:34.056+0000] {dagbag.py:545} INFO - Filling up the DagBag from /opt/airflow/dags/main.py
[2024-07-05T23:44:35.504+0000] {processor.py:840} INFO - DAG(s) 'Binance_ETL' retrieved from /opt/airflow/dags/main.py
[2024-07-05T23:44:35.535+0000] {logging_mixin.py:188} INFO - [2024-07-05T23:44:35.535+0000] {dag.py:3096} INFO - Sync 1 DAGs
[2024-07-05T23:44:35.564+0000] {logging_mixin.py:188} INFO - [2024-07-05T23:44:35.564+0000] {dag.py:3954} INFO - Setting next_dagrun for Binance_ETL to 2024-07-05 00:00:00+00:00, run_after=2024-07-06 00:00:00+00:00
[2024-07-05T23:44:35.605+0000] {processor.py:183} INFO - Processing /opt/airflow/dags/main.py took 1.570 seconds
[2024-07-05T23:45:05.814+0000] {processor.py:161} INFO - Started process (PID=81) to work on /opt/airflow/dags/main.py
[2024-07-05T23:45:05.837+0000] {processor.py:830} INFO - Processing file /opt/airflow/dags/main.py for tasks to queue
[2024-07-05T23:45:05.844+0000] {logging_mixin.py:188} INFO - [2024-07-05T23:45:05.843+0000] {dagbag.py:545} INFO - Filling up the DagBag from /opt/airflow/dags/main.py
[2024-07-05T23:45:07.307+0000] {processor.py:840} INFO - DAG(s) 'Binance_ETL' retrieved from /opt/airflow/dags/main.py
[2024-07-05T23:45:07.337+0000] {logging_mixin.py:188} INFO - [2024-07-05T23:45:07.336+0000] {dag.py:3096} INFO - Sync 1 DAGs
[2024-07-05T23:45:07.365+0000] {logging_mixin.py:188} INFO - [2024-07-05T23:45:07.365+0000] {dag.py:3954} INFO - Setting next_dagrun for Binance_ETL to 2024-07-05 00:00:00+00:00, run_after=2024-07-06 00:00:00+00:00
[2024-07-05T23:45:07.423+0000] {processor.py:183} INFO - Processing /opt/airflow/dags/main.py took 1.617 seconds
[2024-07-05T23:45:37.694+0000] {processor.py:161} INFO - Started process (PID=90) to work on /opt/airflow/dags/main.py
[2024-07-05T23:45:37.717+0000] {processor.py:830} INFO - Processing file /opt/airflow/dags/main.py for tasks to queue
[2024-07-05T23:45:37.725+0000] {logging_mixin.py:188} INFO - [2024-07-05T23:45:37.723+0000] {dagbag.py:545} INFO - Filling up the DagBag from /opt/airflow/dags/main.py
[2024-07-05T23:45:39.213+0000] {processor.py:840} INFO - DAG(s) 'Binance_ETL' retrieved from /opt/airflow/dags/main.py
[2024-07-05T23:45:39.243+0000] {logging_mixin.py:188} INFO - [2024-07-05T23:45:39.242+0000] {dag.py:3096} INFO - Sync 1 DAGs
[2024-07-05T23:45:39.270+0000] {logging_mixin.py:188} INFO - [2024-07-05T23:45:39.270+0000] {dag.py:3954} INFO - Setting next_dagrun for Binance_ETL to 2024-07-05 00:00:00+00:00, run_after=2024-07-06 00:00:00+00:00
[2024-07-05T23:45:39.332+0000] {processor.py:183} INFO - Processing /opt/airflow/dags/main.py took 1.662 seconds
[2024-07-05T23:46:09.585+0000] {processor.py:161} INFO - Started process (PID=99) to work on /opt/airflow/dags/main.py
[2024-07-05T23:46:09.586+0000] {processor.py:830} INFO - Processing file /opt/airflow/dags/main.py for tasks to queue
[2024-07-05T23:46:09.588+0000] {logging_mixin.py:188} INFO - [2024-07-05T23:46:09.588+0000] {dagbag.py:545} INFO - Filling up the DagBag from /opt/airflow/dags/main.py
[2024-07-05T23:46:11.061+0000] {processor.py:840} INFO - DAG(s) 'Binance_ETL' retrieved from /opt/airflow/dags/main.py
[2024-07-05T23:46:11.092+0000] {logging_mixin.py:188} INFO - [2024-07-05T23:46:11.092+0000] {dag.py:3096} INFO - Sync 1 DAGs
[2024-07-05T23:46:11.123+0000] {logging_mixin.py:188} INFO - [2024-07-05T23:46:11.123+0000] {dag.py:3954} INFO - Setting next_dagrun for Binance_ETL to 2024-07-05 00:00:00+00:00, run_after=2024-07-06 00:00:00+00:00
[2024-07-05T23:46:11.182+0000] {processor.py:183} INFO - Processing /opt/airflow/dags/main.py took 1.604 seconds
[2024-07-05T23:46:41.478+0000] {processor.py:161} INFO - Started process (PID=108) to work on /opt/airflow/dags/main.py
[2024-07-05T23:46:41.480+0000] {processor.py:830} INFO - Processing file /opt/airflow/dags/main.py for tasks to queue
[2024-07-05T23:46:41.484+0000] {logging_mixin.py:188} INFO - [2024-07-05T23:46:41.483+0000] {dagbag.py:545} INFO - Filling up the DagBag from /opt/airflow/dags/main.py
[2024-07-05T23:46:43.017+0000] {processor.py:840} INFO - DAG(s) 'Binance_ETL' retrieved from /opt/airflow/dags/main.py
[2024-07-05T23:46:43.047+0000] {logging_mixin.py:188} INFO - [2024-07-05T23:46:43.046+0000] {dag.py:3096} INFO - Sync 1 DAGs
[2024-07-05T23:46:43.077+0000] {logging_mixin.py:188} INFO - [2024-07-05T23:46:43.076+0000] {dag.py:3954} INFO - Setting next_dagrun for Binance_ETL to 2024-07-05 00:00:00+00:00, run_after=2024-07-06 00:00:00+00:00
[2024-07-05T23:46:43.150+0000] {processor.py:183} INFO - Processing /opt/airflow/dags/main.py took 1.705 seconds
[2024-07-05T23:47:13.389+0000] {processor.py:161} INFO - Started process (PID=117) to work on /opt/airflow/dags/main.py
[2024-07-05T23:47:13.408+0000] {processor.py:830} INFO - Processing file /opt/airflow/dags/main.py for tasks to queue
[2024-07-05T23:47:13.419+0000] {logging_mixin.py:188} INFO - [2024-07-05T23:47:13.417+0000] {dagbag.py:545} INFO - Filling up the DagBag from /opt/airflow/dags/main.py
[2024-07-05T23:47:14.900+0000] {processor.py:840} INFO - DAG(s) 'Binance_ETL' retrieved from /opt/airflow/dags/main.py
[2024-07-05T23:47:14.934+0000] {logging_mixin.py:188} INFO - [2024-07-05T23:47:14.933+0000] {dag.py:3096} INFO - Sync 1 DAGs
[2024-07-05T23:47:14.964+0000] {logging_mixin.py:188} INFO - [2024-07-05T23:47:14.963+0000] {dag.py:3954} INFO - Setting next_dagrun for Binance_ETL to 2024-07-05 00:00:00+00:00, run_after=2024-07-06 00:00:00+00:00
[2024-07-05T23:47:15.035+0000] {processor.py:183} INFO - Processing /opt/airflow/dags/main.py took 1.655 seconds
[2024-07-05T23:47:45.291+0000] {processor.py:161} INFO - Started process (PID=126) to work on /opt/airflow/dags/main.py
[2024-07-05T23:47:45.293+0000] {processor.py:830} INFO - Processing file /opt/airflow/dags/main.py for tasks to queue
[2024-07-05T23:47:45.297+0000] {logging_mixin.py:188} INFO - [2024-07-05T23:47:45.296+0000] {dagbag.py:545} INFO - Filling up the DagBag from /opt/airflow/dags/main.py
[2024-07-05T23:47:46.782+0000] {processor.py:840} INFO - DAG(s) 'Binance_ETL' retrieved from /opt/airflow/dags/main.py
[2024-07-05T23:47:46.813+0000] {logging_mixin.py:188} INFO - [2024-07-05T23:47:46.812+0000] {dag.py:3096} INFO - Sync 1 DAGs
[2024-07-05T23:47:46.841+0000] {logging_mixin.py:188} INFO - [2024-07-05T23:47:46.841+0000] {dag.py:3954} INFO - Setting next_dagrun for Binance_ETL to 2024-07-05 00:00:00+00:00, run_after=2024-07-06 00:00:00+00:00
[2024-07-05T23:47:46.873+0000] {processor.py:183} INFO - Processing /opt/airflow/dags/main.py took 1.607 seconds
[2024-07-05T23:48:17.100+0000] {processor.py:161} INFO - Started process (PID=135) to work on /opt/airflow/dags/main.py
[2024-07-05T23:48:17.108+0000] {processor.py:830} INFO - Processing file /opt/airflow/dags/main.py for tasks to queue
[2024-07-05T23:48:17.115+0000] {logging_mixin.py:188} INFO - [2024-07-05T23:48:17.113+0000] {dagbag.py:545} INFO - Filling up the DagBag from /opt/airflow/dags/main.py
[2024-07-05T23:48:18.648+0000] {processor.py:840} INFO - DAG(s) 'Binance_ETL' retrieved from /opt/airflow/dags/main.py
[2024-07-05T23:48:18.691+0000] {logging_mixin.py:188} INFO - [2024-07-05T23:48:18.690+0000] {dag.py:3096} INFO - Sync 1 DAGs
[2024-07-05T23:48:18.721+0000] {logging_mixin.py:188} INFO - [2024-07-05T23:48:18.721+0000] {dag.py:3954} INFO - Setting next_dagrun for Binance_ETL to 2024-07-05 00:00:00+00:00, run_after=2024-07-06 00:00:00+00:00
[2024-07-05T23:48:18.763+0000] {processor.py:183} INFO - Processing /opt/airflow/dags/main.py took 1.700 seconds
[2024-07-05T23:48:49.034+0000] {processor.py:161} INFO - Started process (PID=144) to work on /opt/airflow/dags/main.py
[2024-07-05T23:48:49.040+0000] {processor.py:830} INFO - Processing file /opt/airflow/dags/main.py for tasks to queue
[2024-07-05T23:48:49.042+0000] {logging_mixin.py:188} INFO - [2024-07-05T23:48:49.042+0000] {dagbag.py:545} INFO - Filling up the DagBag from /opt/airflow/dags/main.py
[2024-07-05T23:48:50.563+0000] {processor.py:840} INFO - DAG(s) 'Binance_ETL' retrieved from /opt/airflow/dags/main.py
[2024-07-05T23:48:50.597+0000] {logging_mixin.py:188} INFO - [2024-07-05T23:48:50.596+0000] {dag.py:3096} INFO - Sync 1 DAGs
[2024-07-05T23:48:50.630+0000] {logging_mixin.py:188} INFO - [2024-07-05T23:48:50.630+0000] {dag.py:3954} INFO - Setting next_dagrun for Binance_ETL to 2024-07-05 00:00:00+00:00, run_after=2024-07-06 00:00:00+00:00
[2024-07-05T23:48:50.662+0000] {processor.py:183} INFO - Processing /opt/airflow/dags/main.py took 1.637 seconds
[2024-07-05T23:49:20.911+0000] {processor.py:161} INFO - Started process (PID=152) to work on /opt/airflow/dags/main.py
[2024-07-05T23:49:20.917+0000] {processor.py:830} INFO - Processing file /opt/airflow/dags/main.py for tasks to queue
[2024-07-05T23:49:20.919+0000] {logging_mixin.py:188} INFO - [2024-07-05T23:49:20.919+0000] {dagbag.py:545} INFO - Filling up the DagBag from /opt/airflow/dags/main.py
[2024-07-05T23:49:22.449+0000] {processor.py:840} INFO - DAG(s) 'Binance_ETL' retrieved from /opt/airflow/dags/main.py
[2024-07-05T23:49:22.482+0000] {logging_mixin.py:188} INFO - [2024-07-05T23:49:22.481+0000] {dag.py:3096} INFO - Sync 1 DAGs
[2024-07-05T23:49:22.514+0000] {logging_mixin.py:188} INFO - [2024-07-05T23:49:22.514+0000] {dag.py:3954} INFO - Setting next_dagrun for Binance_ETL to 2024-07-05 00:00:00+00:00, run_after=2024-07-06 00:00:00+00:00
[2024-07-05T23:49:22.540+0000] {processor.py:183} INFO - Processing /opt/airflow/dags/main.py took 1.638 seconds
[2024-07-05T23:49:52.751+0000] {processor.py:161} INFO - Started process (PID=161) to work on /opt/airflow/dags/main.py
[2024-07-05T23:49:52.758+0000] {processor.py:830} INFO - Processing file /opt/airflow/dags/main.py for tasks to queue
[2024-07-05T23:49:52.760+0000] {logging_mixin.py:188} INFO - [2024-07-05T23:49:52.760+0000] {dagbag.py:545} INFO - Filling up the DagBag from /opt/airflow/dags/main.py
[2024-07-05T23:49:54.271+0000] {processor.py:840} INFO - DAG(s) 'Binance_ETL' retrieved from /opt/airflow/dags/main.py
[2024-07-05T23:49:54.304+0000] {logging_mixin.py:188} INFO - [2024-07-05T23:49:54.304+0000] {dag.py:3096} INFO - Sync 1 DAGs
[2024-07-05T23:49:54.333+0000] {logging_mixin.py:188} INFO - [2024-07-05T23:49:54.333+0000] {dag.py:3954} INFO - Setting next_dagrun for Binance_ETL to 2024-07-05 00:00:00+00:00, run_after=2024-07-06 00:00:00+00:00
[2024-07-05T23:49:54.363+0000] {processor.py:183} INFO - Processing /opt/airflow/dags/main.py took 1.620 seconds
[2024-07-05T23:50:24.630+0000] {processor.py:161} INFO - Started process (PID=170) to work on /opt/airflow/dags/main.py
[2024-07-05T23:50:24.640+0000] {processor.py:830} INFO - Processing file /opt/airflow/dags/main.py for tasks to queue
[2024-07-05T23:50:24.647+0000] {logging_mixin.py:188} INFO - [2024-07-05T23:50:24.646+0000] {dagbag.py:545} INFO - Filling up the DagBag from /opt/airflow/dags/main.py
[2024-07-05T23:50:26.268+0000] {processor.py:840} INFO - DAG(s) 'Binance_ETL' retrieved from /opt/airflow/dags/main.py
[2024-07-05T23:50:26.307+0000] {logging_mixin.py:188} INFO - [2024-07-05T23:50:26.306+0000] {dag.py:3096} INFO - Sync 1 DAGs
[2024-07-05T23:50:26.340+0000] {logging_mixin.py:188} INFO - [2024-07-05T23:50:26.340+0000] {dag.py:3954} INFO - Setting next_dagrun for Binance_ETL to 2024-07-05 00:00:00+00:00, run_after=2024-07-06 00:00:00+00:00
[2024-07-05T23:50:26.376+0000] {processor.py:183} INFO - Processing /opt/airflow/dags/main.py took 1.755 seconds
[2024-07-05T23:50:56.617+0000] {processor.py:161} INFO - Started process (PID=179) to work on /opt/airflow/dags/main.py
[2024-07-05T23:50:56.628+0000] {processor.py:830} INFO - Processing file /opt/airflow/dags/main.py for tasks to queue
[2024-07-05T23:50:56.637+0000] {logging_mixin.py:188} INFO - [2024-07-05T23:50:56.634+0000] {dagbag.py:545} INFO - Filling up the DagBag from /opt/airflow/dags/main.py
[2024-07-05T23:50:58.101+0000] {processor.py:840} INFO - DAG(s) 'Binance_ETL' retrieved from /opt/airflow/dags/main.py
[2024-07-05T23:50:58.131+0000] {logging_mixin.py:188} INFO - [2024-07-05T23:50:58.131+0000] {dag.py:3096} INFO - Sync 1 DAGs
[2024-07-05T23:50:58.160+0000] {logging_mixin.py:188} INFO - [2024-07-05T23:50:58.159+0000] {dag.py:3954} INFO - Setting next_dagrun for Binance_ETL to 2024-07-05 00:00:00+00:00, run_after=2024-07-06 00:00:00+00:00
[2024-07-05T23:50:58.193+0000] {processor.py:183} INFO - Processing /opt/airflow/dags/main.py took 1.584 seconds
[2024-07-05T23:51:28.399+0000] {processor.py:161} INFO - Started process (PID=188) to work on /opt/airflow/dags/main.py
[2024-07-05T23:51:28.416+0000] {processor.py:830} INFO - Processing file /opt/airflow/dags/main.py for tasks to queue
[2024-07-05T23:51:28.426+0000] {logging_mixin.py:188} INFO - [2024-07-05T23:51:28.424+0000] {dagbag.py:545} INFO - Filling up the DagBag from /opt/airflow/dags/main.py
[2024-07-05T23:51:29.964+0000] {processor.py:840} INFO - DAG(s) 'Binance_ETL' retrieved from /opt/airflow/dags/main.py
[2024-07-05T23:51:30.003+0000] {logging_mixin.py:188} INFO - [2024-07-05T23:51:30.002+0000] {dag.py:3096} INFO - Sync 1 DAGs
[2024-07-05T23:51:30.033+0000] {logging_mixin.py:188} INFO - [2024-07-05T23:51:30.033+0000] {dag.py:3954} INFO - Setting next_dagrun for Binance_ETL to 2024-07-05 00:00:00+00:00, run_after=2024-07-06 00:00:00+00:00
[2024-07-05T23:51:30.062+0000] {processor.py:183} INFO - Processing /opt/airflow/dags/main.py took 1.671 seconds
[2024-07-05T23:52:00.318+0000] {processor.py:161} INFO - Started process (PID=197) to work on /opt/airflow/dags/main.py
[2024-07-05T23:52:00.330+0000] {processor.py:830} INFO - Processing file /opt/airflow/dags/main.py for tasks to queue
[2024-07-05T23:52:00.338+0000] {logging_mixin.py:188} INFO - [2024-07-05T23:52:00.337+0000] {dagbag.py:545} INFO - Filling up the DagBag from /opt/airflow/dags/main.py
[2024-07-05T23:52:01.844+0000] {processor.py:840} INFO - DAG(s) 'Binance_ETL' retrieved from /opt/airflow/dags/main.py
[2024-07-05T23:52:01.883+0000] {logging_mixin.py:188} INFO - [2024-07-05T23:52:01.883+0000] {dag.py:3096} INFO - Sync 1 DAGs
[2024-07-05T23:52:01.921+0000] {logging_mixin.py:188} INFO - [2024-07-05T23:52:01.921+0000] {dag.py:3954} INFO - Setting next_dagrun for Binance_ETL to 2024-07-05 00:00:00+00:00, run_after=2024-07-06 00:00:00+00:00
[2024-07-05T23:52:01.961+0000] {processor.py:183} INFO - Processing /opt/airflow/dags/main.py took 1.654 seconds
[2024-07-05T23:52:32.193+0000] {processor.py:161} INFO - Started process (PID=212) to work on /opt/airflow/dags/main.py
[2024-07-05T23:52:32.206+0000] {processor.py:830} INFO - Processing file /opt/airflow/dags/main.py for tasks to queue
[2024-07-05T23:52:32.214+0000] {logging_mixin.py:188} INFO - [2024-07-05T23:52:32.213+0000] {dagbag.py:545} INFO - Filling up the DagBag from /opt/airflow/dags/main.py
[2024-07-05T23:52:33.731+0000] {processor.py:840} INFO - DAG(s) 'Binance_ETL' retrieved from /opt/airflow/dags/main.py
[2024-07-05T23:52:33.761+0000] {logging_mixin.py:188} INFO - [2024-07-05T23:52:33.760+0000] {dag.py:3096} INFO - Sync 1 DAGs
[2024-07-05T23:52:33.791+0000] {logging_mixin.py:188} INFO - [2024-07-05T23:52:33.790+0000] {dag.py:3954} INFO - Setting next_dagrun for Binance_ETL to 2024-07-05 00:00:00+00:00, run_after=2024-07-06 00:00:00+00:00
[2024-07-05T23:52:33.827+0000] {processor.py:183} INFO - Processing /opt/airflow/dags/main.py took 1.649 seconds
[2024-07-05T23:53:04.033+0000] {processor.py:161} INFO - Started process (PID=220) to work on /opt/airflow/dags/main.py
[2024-07-05T23:53:04.046+0000] {processor.py:830} INFO - Processing file /opt/airflow/dags/main.py for tasks to queue
[2024-07-05T23:53:04.053+0000] {logging_mixin.py:188} INFO - [2024-07-05T23:53:04.052+0000] {dagbag.py:545} INFO - Filling up the DagBag from /opt/airflow/dags/main.py
[2024-07-05T23:53:05.586+0000] {processor.py:840} INFO - DAG(s) 'Binance_ETL' retrieved from /opt/airflow/dags/main.py
[2024-07-05T23:53:05.617+0000] {logging_mixin.py:188} INFO - [2024-07-05T23:53:05.617+0000] {dag.py:3096} INFO - Sync 1 DAGs
[2024-07-05T23:53:05.646+0000] {logging_mixin.py:188} INFO - [2024-07-05T23:53:05.646+0000] {dag.py:3954} INFO - Setting next_dagrun for Binance_ETL to 2024-07-05 00:00:00+00:00, run_after=2024-07-06 00:00:00+00:00
[2024-07-05T23:53:05.682+0000] {processor.py:183} INFO - Processing /opt/airflow/dags/main.py took 1.661 seconds
