[2024-07-03T14:28:52.854+0000] {manager.py:470} INFO - Processing files using up to 2 processes at a time 
[2024-07-03T14:28:52.855+0000] {manager.py:471} INFO - Process each file at most once every 30 seconds
[2024-07-03T14:28:52.855+0000] {manager.py:472} INFO - Checking for new files in /opt/airflow/dags every 300 seconds
[2024-07-03T14:28:52.856+0000] {manager.py:737} INFO - Searching for files in /opt/airflow/dags
[2024-07-03T14:28:52.862+0000] {manager.py:740} INFO - There are 1 files in /opt/airflow/dags
[2024-07-03T14:28:52.973+0000] {manager.py:878} INFO - 
================================================================================
DAG File Processing Stats

File Path                        PID  Runtime      # DAGs    # Errors  Last Runtime    Last Run
-----------------------------  -----  ---------  --------  ----------  --------------  ----------
/opt/airflow/dags/__main__.py     65  0.06s             0           0
================================================================================
[2024-07-03T14:29:23.138+0000] {manager.py:878} INFO - 
================================================================================
DAG File Processing Stats

File Path                        PID  Runtime      # DAGs    # Errors  Last Runtime    Last Run
-----------------------------  -----  ---------  --------  ----------  --------------  -------------------
/opt/airflow/dags/__main__.py     72  0.01s             0           1  0.09s           2024-07-03T14:28:52
================================================================================
[2024-07-03T14:29:53.356+0000] {manager.py:878} INFO - 
================================================================================
DAG File Processing Stats

File Path                      PID    Runtime      # DAGs    # Errors  Last Runtime    Last Run
-----------------------------  -----  ---------  --------  ----------  --------------  -------------------
/opt/airflow/dags/__main__.py                           0           1  0.46s           2024-07-03T14:29:23
================================================================================
[2024-07-03T14:30:23.982+0000] {manager.py:878} INFO - 
================================================================================
DAG File Processing Stats

File Path                        PID  Runtime      # DAGs    # Errors  Last Runtime    Last Run
-----------------------------  -----  ---------  --------  ----------  --------------  -------------------
/opt/airflow/dags/__main__.py     87  0.00s             0           1  0.06s           2024-07-03T14:29:53
================================================================================
[2024-07-03T14:30:54.251+0000] {manager.py:878} INFO - 
================================================================================
DAG File Processing Stats

File Path                        PID  Runtime      # DAGs    # Errors  Last Runtime    Last Run
-----------------------------  -----  ---------  --------  ----------  --------------  -------------------
/opt/airflow/dags/__main__.py     94  0.01s             0           1  0.05s           2024-07-03T14:30:24
================================================================================
[2024-07-03T14:31:24.463+0000] {manager.py:878} INFO - 
================================================================================
DAG File Processing Stats

File Path                        PID  Runtime      # DAGs    # Errors  Last Runtime    Last Run
-----------------------------  -----  ---------  --------  ----------  --------------  -------------------
/opt/airflow/dags/__main__.py    101  0.00s             0           1  0.18s           2024-07-03T14:30:54
================================================================================
[2024-07-03T14:31:54.704+0000] {manager.py:878} INFO - 
================================================================================
DAG File Processing Stats

File Path                        PID  Runtime      # DAGs    # Errors  Last Runtime    Last Run
-----------------------------  -----  ---------  --------  ----------  --------------  -------------------
/opt/airflow/dags/__main__.py    108  0.01s             0           1  0.06s           2024-07-03T14:31:24
================================================================================
[2024-07-03T14:32:24.954+0000] {manager.py:878} INFO - 
================================================================================
DAG File Processing Stats

File Path                        PID  Runtime      # DAGs    # Errors  Last Runtime    Last Run
-----------------------------  -----  ---------  --------  ----------  --------------  -------------------
/opt/airflow/dags/__main__.py    115  0.01s             0           1  0.15s           2024-07-03T14:31:54
================================================================================
[2024-07-03T14:32:55.168+0000] {manager.py:878} INFO - 
================================================================================
DAG File Processing Stats

File Path                        PID  Runtime      # DAGs    # Errors  Last Runtime    Last Run
-----------------------------  -----  ---------  --------  ----------  --------------  -------------------
/opt/airflow/dags/__main__.py    122  0.01s             0           1  0.07s           2024-07-03T14:32:25
================================================================================
[2024-07-03T14:33:25.385+0000] {manager.py:878} INFO - 
================================================================================
DAG File Processing Stats

File Path                        PID  Runtime      # DAGs    # Errors  Last Runtime    Last Run
-----------------------------  -----  ---------  --------  ----------  --------------  -------------------
/opt/airflow/dags/__main__.py    129  0.01s             0           1  0.09s           2024-07-03T14:32:55
================================================================================
[2024-07-03T14:33:53.558+0000] {manager.py:737} INFO - Searching for files in /opt/airflow/dags
[2024-07-03T14:33:53.566+0000] {manager.py:740} INFO - There are 1 files in /opt/airflow/dags
[2024-07-03T14:33:55.613+0000] {manager.py:878} INFO - 
================================================================================
DAG File Processing Stats

File Path                        PID  Runtime      # DAGs    # Errors  Last Runtime    Last Run
-----------------------------  -----  ---------  --------  ----------  --------------  -------------------
/opt/airflow/dags/__main__.py    137  0.01s             0           1  0.09s           2024-07-03T14:33:25
================================================================================
[2024-07-03T14:34:25.842+0000] {manager.py:878} INFO - 
================================================================================
DAG File Processing Stats

File Path                        PID  Runtime      # DAGs    # Errors  Last Runtime    Last Run
-----------------------------  -----  ---------  --------  ----------  --------------  -------------------
/opt/airflow/dags/__main__.py    144  0.01s             0           1  0.07s           2024-07-03T14:33:55
================================================================================
[2024-07-03T14:34:56.080+0000] {manager.py:878} INFO - 
================================================================================
DAG File Processing Stats

File Path                        PID  Runtime      # DAGs    # Errors  Last Runtime    Last Run
-----------------------------  -----  ---------  --------  ----------  --------------  -------------------
/opt/airflow/dags/__main__.py    151  0.01s             0           1  0.09s           2024-07-03T14:34:25
================================================================================
[2024-07-03T14:35:26.334+0000] {manager.py:878} INFO - 
================================================================================
DAG File Processing Stats

File Path                        PID  Runtime      # DAGs    # Errors  Last Runtime    Last Run
-----------------------------  -----  ---------  --------  ----------  --------------  -------------------
/opt/airflow/dags/__main__.py    158  0.01s             0           1  0.07s           2024-07-03T14:34:56
================================================================================
[2024-07-03T14:35:56.749+0000] {manager.py:878} INFO - 
================================================================================
DAG File Processing Stats

File Path                      PID    Runtime      # DAGs    # Errors  Last Runtime    Last Run
-----------------------------  -----  ---------  --------  ----------  --------------  -------------------
/opt/airflow/dags/__main__.py                           0           1  0.19s           2024-07-03T14:35:35
================================================================================
[2024-07-03T14:36:27.028+0000] {manager.py:878} INFO - 
================================================================================
DAG File Processing Stats

File Path                      PID    Runtime      # DAGs    # Errors  Last Runtime    Last Run
-----------------------------  -----  ---------  --------  ----------  --------------  -------------------
/opt/airflow/dags/__main__.py                           0           1  0.07s           2024-07-03T14:36:08
================================================================================
[2024-07-03T14:36:57.256+0000] {manager.py:878} INFO - 
================================================================================
DAG File Processing Stats

File Path                      PID    Runtime      # DAGs    # Errors  Last Runtime    Last Run
-----------------------------  -----  ---------  --------  ----------  --------------  -------------------
/opt/airflow/dags/__main__.py                           0           1  0.05s           2024-07-03T14:36:39
================================================================================
[2024-07-03T14:37:27.516+0000] {manager.py:878} INFO - 
================================================================================
DAG File Processing Stats

File Path                      PID    Runtime      # DAGs    # Errors  Last Runtime    Last Run
-----------------------------  -----  ---------  --------  ----------  --------------  -------------------
/opt/airflow/dags/__main__.py                           0           0  2.52s           2024-07-03T14:37:05
================================================================================
[2024-07-03T14:37:58.206+0000] {manager.py:878} INFO - 
================================================================================
DAG File Processing Stats

File Path                      PID    Runtime      # DAGs    # Errors  Last Runtime    Last Run
-----------------------------  -----  ---------  --------  ----------  --------------  -------------------
/opt/airflow/dags/__main__.py                           0           0  1.04s           2024-07-03T14:37:37
================================================================================
[2024-07-03T14:38:28.401+0000] {manager.py:878} INFO - 
================================================================================
DAG File Processing Stats

File Path                      PID    Runtime      # DAGs    # Errors  Last Runtime    Last Run
-----------------------------  -----  ---------  --------  ----------  --------------  -------------------
/opt/airflow/dags/__main__.py                           0           0  1.01s           2024-07-03T14:38:08
================================================================================
[2024-07-03T14:38:54.548+0000] {manager.py:737} INFO - Searching for files in /opt/airflow/dags
[2024-07-03T14:38:54.551+0000] {manager.py:740} INFO - There are 1 files in /opt/airflow/dags
[2024-07-03T14:38:58.583+0000] {manager.py:878} INFO - 
================================================================================
DAG File Processing Stats

File Path                      PID    Runtime      # DAGs    # Errors  Last Runtime    Last Run
-----------------------------  -----  ---------  --------  ----------  --------------  -------------------
/opt/airflow/dags/__main__.py                           0           0  1.00s           2024-07-03T14:38:39
================================================================================
[2024-07-03T14:39:00.189+0000] {manager.py:452} INFO - Exiting gracefully upon receiving signal 15
[2024-07-03T14:40:01.167+0000] {manager.py:470} INFO - Processing files using up to 2 processes at a time 
[2024-07-03T14:40:01.169+0000] {manager.py:471} INFO - Process each file at most once every 30 seconds
[2024-07-03T14:40:01.169+0000] {manager.py:472} INFO - Checking for new files in /opt/airflow/dags every 300 seconds
[2024-07-03T14:40:01.170+0000] {manager.py:737} INFO - Searching for files in /opt/airflow/dags
[2024-07-03T14:40:01.175+0000] {manager.py:740} INFO - There are 1 files in /opt/airflow/dags
[2024-07-03T14:40:01.273+0000] {manager.py:878} INFO - 
================================================================================
DAG File Processing Stats

File Path                        PID  Runtime      # DAGs    # Errors  Last Runtime    Last Run
-----------------------------  -----  ---------  --------  ----------  --------------  ----------
/opt/airflow/dags/__main__.py     55  0.05s             0           0
================================================================================
[2024-07-03T14:40:31.448+0000] {manager.py:878} INFO - 
================================================================================
DAG File Processing Stats

File Path                      PID    Runtime      # DAGs    # Errors  Last Runtime    Last Run
-----------------------------  -----  ---------  --------  ----------  --------------  -------------------
/opt/airflow/dags/__main__.py                           0           0  1.82s           2024-07-03T14:40:03
================================================================================
[2024-07-03T14:41:01.641+0000] {manager.py:878} INFO - 
================================================================================
DAG File Processing Stats

File Path                      PID    Runtime      # DAGs    # Errors  Last Runtime    Last Run
-----------------------------  -----  ---------  --------  ----------  --------------  -------------------
/opt/airflow/dags/__main__.py                           0           0  1.35s           2024-07-03T14:40:34
================================================================================
[2024-07-03T14:41:31.863+0000] {manager.py:878} INFO - 
================================================================================
DAG File Processing Stats

File Path                      PID    Runtime      # DAGs    # Errors  Last Runtime    Last Run
-----------------------------  -----  ---------  --------  ----------  --------------  -------------------
/opt/airflow/dags/__main__.py                           0           0  1.01s           2024-07-03T14:41:05
================================================================================
[2024-07-03T14:42:02.089+0000] {manager.py:878} INFO - 
================================================================================
DAG File Processing Stats

File Path                      PID    Runtime      # DAGs    # Errors  Last Runtime    Last Run
-----------------------------  -----  ---------  --------  ----------  --------------  -------------------
/opt/airflow/dags/__main__.py                           0           0  1.02s           2024-07-03T14:41:36
================================================================================
[2024-07-03T14:42:32.378+0000] {manager.py:878} INFO - 
================================================================================
DAG File Processing Stats

File Path                      PID    Runtime      # DAGs    # Errors  Last Runtime    Last Run
-----------------------------  -----  ---------  --------  ----------  --------------  -------------------
/opt/airflow/dags/__main__.py                           0           0  1.08s           2024-07-03T14:42:28
================================================================================
[2024-07-03T14:42:41.636+0000] {manager.py:452} INFO - Exiting gracefully upon receiving signal 15
[2024-07-03T14:43:33.284+0000] {manager.py:470} INFO - Processing files using up to 2 processes at a time 
[2024-07-03T14:43:33.303+0000] {manager.py:471} INFO - Process each file at most once every 30 seconds
[2024-07-03T14:43:33.304+0000] {manager.py:472} INFO - Checking for new files in /opt/airflow/dags every 300 seconds
[2024-07-03T14:43:33.305+0000] {manager.py:737} INFO - Searching for files in /opt/airflow/dags
[2024-07-03T14:43:33.312+0000] {manager.py:740} INFO - There are 1 files in /opt/airflow/dags
[2024-07-03T14:43:33.545+0000] {manager.py:878} INFO - 
================================================================================
DAG File Processing Stats

File Path                        PID  Runtime      # DAGs    # Errors  Last Runtime    Last Run
-----------------------------  -----  ---------  --------  ----------  --------------  ----------
/opt/airflow/dags/__main__.py     49  0.14s             0           0
================================================================================
[2024-07-03T14:44:03.590+0000] {manager.py:878} INFO - 
================================================================================
DAG File Processing Stats

File Path                      PID    Runtime      # DAGs    # Errors  Last Runtime    Last Run
-----------------------------  -----  ---------  --------  ----------  --------------  -------------------
/opt/airflow/dags/__main__.py                           0           0  2.12s           2024-07-03T14:43:35
================================================================================
[2024-07-03T14:44:33.780+0000] {manager.py:878} INFO - 
================================================================================
DAG File Processing Stats

File Path                      PID    Runtime      # DAGs    # Errors  Last Runtime    Last Run
-----------------------------  -----  ---------  --------  ----------  --------------  -------------------
/opt/airflow/dags/__main__.py                           0           0  1.01s           2024-07-03T14:44:06
================================================================================
[2024-07-03T14:44:37.800+0000] {manager.py:452} INFO - Exiting gracefully upon receiving signal 15
[2024-07-03T14:44:37.803+0000] {manager.py:452} INFO - Exiting gracefully upon receiving signal 15
[2024-07-03T14:44:38.610+0000] {manager.py:452} INFO - Exiting gracefully upon receiving signal 15
[2024-07-03T14:48:08.077+0000] {manager.py:470} INFO - Processing files using up to 2 processes at a time 
[2024-07-03T14:48:08.086+0000] {manager.py:471} INFO - Process each file at most once every 30 seconds
[2024-07-03T14:48:08.086+0000] {manager.py:472} INFO - Checking for new files in /opt/airflow/dags every 300 seconds
[2024-07-03T14:48:08.087+0000] {manager.py:737} INFO - Searching for files in /opt/airflow/dags
[2024-07-03T14:48:08.099+0000] {manager.py:740} INFO - There are 1 files in /opt/airflow/dags
[2024-07-03T14:48:08.337+0000] {manager.py:878} INFO - 
================================================================================
DAG File Processing Stats

File Path                        PID  Runtime      # DAGs    # Errors  Last Runtime    Last Run
-----------------------------  -----  ---------  --------  ----------  --------------  ----------
/opt/airflow/dags/__main__.py     49  0.11s             0           0
================================================================================
[2024-07-03T14:48:38.413+0000] {manager.py:878} INFO - 
================================================================================
DAG File Processing Stats

File Path                      PID    Runtime      # DAGs    # Errors  Last Runtime    Last Run
-----------------------------  -----  ---------  --------  ----------  --------------  -------------------
/opt/airflow/dags/__main__.py                           0           0  2.01s           2024-07-03T14:48:10
================================================================================
[2024-07-03T14:49:08.610+0000] {manager.py:878} INFO - 
================================================================================
DAG File Processing Stats

File Path                      PID    Runtime      # DAGs    # Errors  Last Runtime    Last Run
-----------------------------  -----  ---------  --------  ----------  --------------  -------------------
/opt/airflow/dags/__main__.py                           0           0  1.09s           2024-07-03T14:48:41
================================================================================
[2024-07-03T14:49:38.843+0000] {manager.py:878} INFO - 
================================================================================
DAG File Processing Stats

File Path                      PID    Runtime      # DAGs    # Errors  Last Runtime    Last Run
-----------------------------  -----  ---------  --------  ----------  --------------  -------------------
/opt/airflow/dags/__main__.py                           0           0  1.10s           2024-07-03T14:49:12
================================================================================
[2024-07-03T14:50:09.051+0000] {manager.py:878} INFO - 
================================================================================
DAG File Processing Stats

File Path                      PID    Runtime      # DAGs    # Errors  Last Runtime    Last Run
-----------------------------  -----  ---------  --------  ----------  --------------  -------------------
/opt/airflow/dags/__main__.py                           0           0  1.13s           2024-07-03T14:49:44
================================================================================
[2024-07-03T14:50:39.255+0000] {manager.py:878} INFO - 
================================================================================
DAG File Processing Stats

File Path                      PID    Runtime      # DAGs    # Errors  Last Runtime    Last Run
-----------------------------  -----  ---------  --------  ----------  --------------  -------------------
/opt/airflow/dags/__main__.py                           0           0  1.01s           2024-07-03T14:50:15
================================================================================
[2024-07-03T14:51:09.476+0000] {manager.py:878} INFO - 
================================================================================
DAG File Processing Stats

File Path                      PID    Runtime      # DAGs    # Errors  Last Runtime    Last Run
-----------------------------  -----  ---------  --------  ----------  --------------  -------------------
/opt/airflow/dags/__main__.py                           0           0  1.05s           2024-07-03T14:50:46
================================================================================
[2024-07-03T14:51:38.519+0000] {manager.py:452} INFO - Exiting gracefully upon receiving signal 15
[2024-07-03T14:53:45.679+0000] {manager.py:470} INFO - Processing files using up to 2 processes at a time 
[2024-07-03T14:53:45.680+0000] {manager.py:471} INFO - Process each file at most once every 30 seconds
[2024-07-03T14:53:45.681+0000] {manager.py:472} INFO - Checking for new files in /opt/airflow/dags every 300 seconds
[2024-07-03T14:53:45.682+0000] {manager.py:737} INFO - Searching for files in /opt/airflow/dags
[2024-07-03T14:53:45.687+0000] {manager.py:740} INFO - There are 1 files in /opt/airflow/dags
[2024-07-03T14:53:45.830+0000] {manager.py:878} INFO - 
================================================================================
DAG File Processing Stats

File Path                        PID  Runtime      # DAGs    # Errors  Last Runtime    Last Run
-----------------------------  -----  ---------  --------  ----------  --------------  ----------
/opt/airflow/dags/__main__.py     54  0.06s             0           0
================================================================================
[2024-07-03T14:53:51.029+0000] {manager.py:452} INFO - Exiting gracefully upon receiving signal 15
[2024-07-03T14:54:07.233+0000] {manager.py:470} INFO - Processing files using up to 2 processes at a time 
[2024-07-03T14:54:07.233+0000] {manager.py:471} INFO - Process each file at most once every 30 seconds
[2024-07-03T14:54:07.234+0000] {manager.py:472} INFO - Checking for new files in /opt/airflow/dags every 300 seconds
[2024-07-03T14:54:07.234+0000] {manager.py:737} INFO - Searching for files in /opt/airflow/dags
[2024-07-03T14:54:07.237+0000] {manager.py:740} INFO - There are 1 files in /opt/airflow/dags
[2024-07-03T14:54:07.313+0000] {manager.py:878} INFO - 
================================================================================
DAG File Processing Stats

File Path                        PID  Runtime      # DAGs    # Errors  Last Runtime    Last Run
-----------------------------  -----  ---------  --------  ----------  --------------  ----------
/opt/airflow/dags/__main__.py     38  0.05s             0           0
================================================================================
[2024-07-03T14:54:37.534+0000] {manager.py:878} INFO - 
================================================================================
DAG File Processing Stats

File Path                        PID  Runtime      # DAGs    # Errors  Last Runtime    Last Run
-----------------------------  -----  ---------  --------  ----------  --------------  -------------------
/opt/airflow/dags/__main__.py     45  0.01s             0           1  0.05s           2024-07-03T14:54:07
================================================================================
[2024-07-03T14:55:07.771+0000] {manager.py:878} INFO - 
================================================================================
DAG File Processing Stats

File Path                      PID    Runtime      # DAGs    # Errors  Last Runtime    Last Run
-----------------------------  -----  ---------  --------  ----------  --------------  -------------------
/opt/airflow/dags/__main__.py                           0           0  1.01s           2024-07-03T14:54:44
================================================================================
[2024-07-03T14:55:37.934+0000] {manager.py:878} INFO - 
================================================================================
DAG File Processing Stats

File Path                      PID    Runtime      # DAGs    # Errors  Last Runtime    Last Run
-----------------------------  -----  ---------  --------  ----------  --------------  -------------------
/opt/airflow/dags/__main__.py                           0           0  0.98s           2024-07-03T14:55:15
================================================================================
[2024-07-03T14:56:08.148+0000] {manager.py:878} INFO - 
================================================================================
DAG File Processing Stats

File Path                      PID    Runtime      # DAGs    # Errors  Last Runtime    Last Run
-----------------------------  -----  ---------  --------  ----------  --------------  -------------------
/opt/airflow/dags/__main__.py                           0           0  1.04s           2024-07-03T14:55:47
================================================================================
[2024-07-03T14:56:38.356+0000] {manager.py:878} INFO - 
================================================================================
DAG File Processing Stats

File Path                      PID    Runtime      # DAGs    # Errors  Last Runtime    Last Run
-----------------------------  -----  ---------  --------  ----------  --------------  -------------------
/opt/airflow/dags/__main__.py                           0           0  1.07s           2024-07-03T14:56:18
================================================================================
[2024-07-03T14:56:44.426+0000] {manager.py:452} INFO - Exiting gracefully upon receiving signal 15
[2024-07-03T23:26:00.299+0000] {manager.py:470} INFO - Processing files using up to 2 processes at a time 
[2024-07-03T23:26:00.302+0000] {manager.py:471} INFO - Process each file at most once every 30 seconds
[2024-07-03T23:26:00.302+0000] {manager.py:472} INFO - Checking for new files in /opt/airflow/dags every 300 seconds
[2024-07-03T23:26:00.304+0000] {manager.py:737} INFO - Searching for files in /opt/airflow/dags
[2024-07-03T23:26:00.311+0000] {manager.py:740} INFO - There are 1 files in /opt/airflow/dags
[2024-07-03T23:26:00.584+0000] {manager.py:878} INFO - 
================================================================================
DAG File Processing Stats

File Path                        PID  Runtime      # DAGs    # Errors  Last Runtime    Last Run
-----------------------------  -----  ---------  --------  ----------  --------------  ----------
/opt/airflow/dags/__main__.py     56  0.19s             0           0
================================================================================
[2024-07-03T23:26:30.778+0000] {manager.py:878} INFO - 
================================================================================
DAG File Processing Stats

File Path                      PID    Runtime      # DAGs    # Errors  Last Runtime    Last Run
-----------------------------  -----  ---------  --------  ----------  --------------  -------------------
/opt/airflow/dags/__main__.py                           0           0  1.99s           2024-07-03T23:26:02
================================================================================
[2024-07-03T23:27:01.017+0000] {manager.py:878} INFO - 
================================================================================
DAG File Processing Stats

File Path                      PID    Runtime      # DAGs    # Errors  Last Runtime    Last Run
-----------------------------  -----  ---------  --------  ----------  --------------  -------------------
/opt/airflow/dags/__main__.py                           0           0  1.38s           2024-07-03T23:26:33
================================================================================
[2024-07-03T23:27:31.233+0000] {manager.py:878} INFO - 
================================================================================
DAG File Processing Stats

File Path                      PID    Runtime      # DAGs    # Errors  Last Runtime    Last Run
-----------------------------  -----  ---------  --------  ----------  --------------  -------------------
/opt/airflow/dags/__main__.py                           0           0  1.09s           2024-07-03T23:27:05
================================================================================
[2024-07-03T23:28:01.521+0000] {manager.py:878} INFO - 
================================================================================
DAG File Processing Stats

File Path                      PID    Runtime      # DAGs    # Errors  Last Runtime    Last Run
-----------------------------  -----  ---------  --------  ----------  --------------  -------------------
/opt/airflow/dags/__main__.py                           0           0  1.12s           2024-07-03T23:27:36
================================================================================
[2024-07-03T23:28:31.727+0000] {manager.py:878} INFO - 
================================================================================
DAG File Processing Stats

File Path                      PID    Runtime      # DAGs    # Errors  Last Runtime    Last Run
-----------------------------  -----  ---------  --------  ----------  --------------  -------------------
/opt/airflow/dags/__main__.py                           0           0  1.13s           2024-07-03T23:28:07
================================================================================
[2024-07-03T23:29:02.007+0000] {manager.py:878} INFO - 
================================================================================
DAG File Processing Stats

File Path                      PID    Runtime      # DAGs    # Errors  Last Runtime    Last Run
-----------------------------  -----  ---------  --------  ----------  --------------  -------------------
/opt/airflow/dags/__main__.py                           0           0  1.20s           2024-07-03T23:28:38
================================================================================
[2024-07-03T23:29:32.289+0000] {manager.py:878} INFO - 
================================================================================
DAG File Processing Stats

File Path                      PID    Runtime      # DAGs    # Errors  Last Runtime    Last Run
-----------------------------  -----  ---------  --------  ----------  --------------  -------------------
/opt/airflow/dags/__main__.py                           0           0  1.10s           2024-07-03T23:29:10
================================================================================
[2024-07-03T23:30:02.537+0000] {manager.py:878} INFO - 
================================================================================
DAG File Processing Stats

File Path                      PID    Runtime      # DAGs    # Errors  Last Runtime    Last Run
-----------------------------  -----  ---------  --------  ----------  --------------  -------------------
/opt/airflow/dags/__main__.py                           0           0  1.09s           2024-07-03T23:29:41
================================================================================
[2024-07-03T23:30:32.779+0000] {manager.py:878} INFO - 
================================================================================
DAG File Processing Stats

File Path                      PID    Runtime      # DAGs    # Errors  Last Runtime    Last Run
-----------------------------  -----  ---------  --------  ----------  --------------  -------------------
/opt/airflow/dags/__main__.py                           0           0  1.17s           2024-07-03T23:30:12
================================================================================
[2024-07-03T23:31:01.104+0000] {manager.py:737} INFO - Searching for files in /opt/airflow/dags
[2024-07-03T23:31:01.126+0000] {manager.py:740} INFO - There are 1 files in /opt/airflow/dags
[2024-07-03T23:31:03.181+0000] {manager.py:878} INFO - 
================================================================================
DAG File Processing Stats

File Path                      PID    Runtime      # DAGs    # Errors  Last Runtime    Last Run
-----------------------------  -----  ---------  --------  ----------  --------------  -------------------
/opt/airflow/dags/__main__.py                           0           0  1.14s           2024-07-03T23:30:43
================================================================================
[2024-07-03T23:31:33.440+0000] {manager.py:878} INFO - 
================================================================================
DAG File Processing Stats

File Path                      PID    Runtime      # DAGs    # Errors  Last Runtime    Last Run
-----------------------------  -----  ---------  --------  ----------  --------------  -------------------
/opt/airflow/dags/__main__.py                           0           0  1.18s           2024-07-03T23:31:15
================================================================================
[2024-07-03T23:32:03.765+0000] {manager.py:878} INFO - 
================================================================================
DAG File Processing Stats

File Path                      PID    Runtime      # DAGs    # Errors  Last Runtime    Last Run
-----------------------------  -----  ---------  --------  ----------  --------------  -------------------
/opt/airflow/dags/__main__.py                           0           0  1.20s           2024-07-03T23:31:46
================================================================================
[2024-07-03T23:32:34.047+0000] {manager.py:878} INFO - 
================================================================================
DAG File Processing Stats

File Path                      PID    Runtime      # DAGs    # Errors  Last Runtime    Last Run
-----------------------------  -----  ---------  --------  ----------  --------------  -------------------
/opt/airflow/dags/__main__.py                           0           0  1.23s           2024-07-03T23:32:18
================================================================================
[2024-07-03T23:33:04.406+0000] {manager.py:878} INFO - 
================================================================================
DAG File Processing Stats

File Path                      PID    Runtime      # DAGs    # Errors  Last Runtime    Last Run
-----------------------------  -----  ---------  --------  ----------  --------------  -------------------
/opt/airflow/dags/__main__.py                           0           0  1.51s           2024-07-03T23:32:49
================================================================================
[2024-07-03T23:33:34.595+0000] {manager.py:878} INFO - 
================================================================================
DAG File Processing Stats

File Path                      PID    Runtime      # DAGs    # Errors  Last Runtime    Last Run
-----------------------------  -----  ---------  --------  ----------  --------------  -------------------
/opt/airflow/dags/__main__.py                           0           0  1.65s           2024-07-03T23:33:21
================================================================================
[2024-07-03T23:34:04.812+0000] {manager.py:878} INFO - 
================================================================================
DAG File Processing Stats

File Path                      PID    Runtime      # DAGs    # Errors  Last Runtime    Last Run
-----------------------------  -----  ---------  --------  ----------  --------------  -------------------
/opt/airflow/dags/__main__.py                           0           0  1.27s           2024-07-03T23:33:52
================================================================================
[2024-07-03T23:34:35.267+0000] {manager.py:878} INFO - 
================================================================================
DAG File Processing Stats

File Path                      PID    Runtime      # DAGs    # Errors  Last Runtime    Last Run
-----------------------------  -----  ---------  --------  ----------  --------------  -------------------
/opt/airflow/dags/__main__.py                           0           0  1.21s           2024-07-03T23:34:24
================================================================================
[2024-07-03T23:35:05.645+0000] {manager.py:878} INFO - 
================================================================================
DAG File Processing Stats

File Path                      PID    Runtime      # DAGs    # Errors  Last Runtime    Last Run
-----------------------------  -----  ---------  --------  ----------  --------------  -------------------
/opt/airflow/dags/__main__.py                           0           0  1.39s           2024-07-03T23:34:55
================================================================================
[2024-07-03T23:35:36.153+0000] {manager.py:878} INFO - 
================================================================================
DAG File Processing Stats

File Path                      PID    Runtime      # DAGs    # Errors  Last Runtime    Last Run
-----------------------------  -----  ---------  --------  ----------  --------------  -------------------
/opt/airflow/dags/__main__.py                           0           0  1.30s           2024-07-03T23:35:27
================================================================================
[2024-07-03T23:36:01.597+0000] {manager.py:737} INFO - Searching for files in /opt/airflow/dags
[2024-07-03T23:36:01.611+0000] {manager.py:740} INFO - There are 1 files in /opt/airflow/dags
[2024-07-03T23:36:06.691+0000] {manager.py:878} INFO - 
================================================================================
DAG File Processing Stats

File Path                      PID    Runtime      # DAGs    # Errors  Last Runtime    Last Run
-----------------------------  -----  ---------  --------  ----------  --------------  -------------------
/opt/airflow/dags/__main__.py                           0           0  1.21s           2024-07-03T23:35:58
================================================================================
[2024-07-03T23:36:36.945+0000] {manager.py:878} INFO - 
================================================================================
DAG File Processing Stats

File Path                      PID    Runtime      # DAGs    # Errors  Last Runtime    Last Run
-----------------------------  -----  ---------  --------  ----------  --------------  -------------------
/opt/airflow/dags/__main__.py                           0           0  1.10s           2024-07-03T23:36:29
================================================================================
[2024-07-03T23:37:07.228+0000] {manager.py:878} INFO - 
================================================================================
DAG File Processing Stats

File Path                      PID    Runtime      # DAGs    # Errors  Last Runtime    Last Run
-----------------------------  -----  ---------  --------  ----------  --------------  -------------------
/opt/airflow/dags/__main__.py                           0           0  1.20s           2024-07-03T23:37:01
================================================================================
[2024-07-03T23:37:37.574+0000] {manager.py:878} INFO - 
================================================================================
DAG File Processing Stats

File Path                      PID    Runtime      # DAGs    # Errors  Last Runtime    Last Run
-----------------------------  -----  ---------  --------  ----------  --------------  -------------------
/opt/airflow/dags/__main__.py                           0           0  1.29s           2024-07-03T23:37:32
================================================================================
[2024-07-03T23:38:07.961+0000] {manager.py:878} INFO - 
================================================================================
DAG File Processing Stats

File Path                      PID    Runtime      # DAGs    # Errors  Last Runtime    Last Run
-----------------------------  -----  ---------  --------  ----------  --------------  -------------------
/opt/airflow/dags/__main__.py                           0           0  1.23s           2024-07-03T23:38:04
================================================================================
[2024-07-03T23:38:38.258+0000] {manager.py:878} INFO - 
================================================================================
DAG File Processing Stats

File Path                      PID    Runtime      # DAGs    # Errors  Last Runtime    Last Run
-----------------------------  -----  ---------  --------  ----------  --------------  -------------------
/opt/airflow/dags/__main__.py                           0           0  1.12s           2024-07-03T23:38:35
================================================================================
[2024-07-03T23:39:08.509+0000] {manager.py:878} INFO - 
================================================================================
DAG File Processing Stats

File Path                      PID    Runtime      # DAGs    # Errors  Last Runtime    Last Run
-----------------------------  -----  ---------  --------  ----------  --------------  -------------------
/opt/airflow/dags/__main__.py                           0           0  1.64s           2024-07-03T23:39:07
================================================================================
[2024-07-03T23:39:38.758+0000] {manager.py:878} INFO - 
================================================================================
DAG File Processing Stats

File Path                        PID  Runtime      # DAGs    # Errors  Last Runtime    Last Run
-----------------------------  -----  ---------  --------  ----------  --------------  -------------------
/opt/airflow/dags/__main__.py    291  1.35s             0           0  1.64s           2024-07-03T23:39:07
================================================================================
[2024-07-03T23:40:08.965+0000] {manager.py:878} INFO - 
================================================================================
DAG File Processing Stats

File Path                      PID    Runtime      # DAGs    # Errors  Last Runtime    Last Run
-----------------------------  -----  ---------  --------  ----------  --------------  -------------------
/opt/airflow/dags/__main__.py                           0           0  1.57s           2024-07-03T23:39:38
================================================================================
[2024-07-03T23:40:39.388+0000] {manager.py:878} INFO - 
================================================================================
DAG File Processing Stats

File Path                      PID    Runtime      # DAGs    # Errors  Last Runtime    Last Run
-----------------------------  -----  ---------  --------  ----------  --------------  -------------------
/opt/airflow/dags/__main__.py                           0           0  1.29s           2024-07-03T23:40:10
================================================================================
[2024-07-03T23:41:01.841+0000] {manager.py:737} INFO - Searching for files in /opt/airflow/dags
[2024-07-03T23:41:02.004+0000] {manager.py:740} INFO - There are 1 files in /opt/airflow/dags
[2024-07-03T23:41:10.250+0000] {manager.py:878} INFO - 
================================================================================
DAG File Processing Stats

File Path                      PID    Runtime      # DAGs    # Errors  Last Runtime    Last Run
-----------------------------  -----  ---------  --------  ----------  --------------  -------------------
/opt/airflow/dags/__main__.py                           0           0  1.25s           2024-07-03T23:40:41
================================================================================
[2024-07-03T23:41:40.563+0000] {manager.py:878} INFO - 
================================================================================
DAG File Processing Stats

File Path                      PID    Runtime      # DAGs    # Errors  Last Runtime    Last Run
-----------------------------  -----  ---------  --------  ----------  --------------  -------------------
/opt/airflow/dags/__main__.py                           0           0  7.74s           2024-07-03T23:41:20
================================================================================
[2024-07-03T23:42:10.781+0000] {manager.py:878} INFO - 
================================================================================
DAG File Processing Stats

File Path                      PID    Runtime      # DAGs    # Errors  Last Runtime    Last Run
-----------------------------  -----  ---------  --------  ----------  --------------  -------------------
/opt/airflow/dags/__main__.py                           0           0  2.59s           2024-07-03T23:41:52
================================================================================
[2024-07-03T23:42:41.114+0000] {manager.py:878} INFO - 
================================================================================
DAG File Processing Stats

File Path                      PID    Runtime      # DAGs    # Errors  Last Runtime    Last Run
-----------------------------  -----  ---------  --------  ----------  --------------  -------------------
/opt/airflow/dags/__main__.py                           0           0  2.31s           2024-07-03T23:42:25
================================================================================
[2024-07-03T23:43:11.318+0000] {manager.py:878} INFO - 
================================================================================
DAG File Processing Stats

File Path                      PID    Runtime      # DAGs    # Errors  Last Runtime    Last Run
-----------------------------  -----  ---------  --------  ----------  --------------  -------------------
/opt/airflow/dags/__main__.py                           0           0  2.17s           2024-07-03T23:42:57
================================================================================
[2024-07-03T23:43:41.663+0000] {manager.py:878} INFO - 
================================================================================
DAG File Processing Stats

File Path                      PID    Runtime      # DAGs    # Errors  Last Runtime    Last Run
-----------------------------  -----  ---------  --------  ----------  --------------  -------------------
/opt/airflow/dags/__main__.py                           0           0  2.26s           2024-07-03T23:43:29
================================================================================
[2024-07-03T23:43:43.796+0000] {manager.py:1128} WARNING - Skipping processing of missing file: /opt/airflow/dags/__main__.py
[2024-07-03T23:45:27.841+0000] {manager.py:452} INFO - Exiting gracefully upon receiving signal 15
[2024-07-03T23:47:18.771+0000] {manager.py:470} INFO - Processing files using up to 2 processes at a time 
[2024-07-03T23:47:18.772+0000] {manager.py:471} INFO - Process each file at most once every 30 seconds
[2024-07-03T23:47:18.773+0000] {manager.py:472} INFO - Checking for new files in /opt/airflow/dags every 300 seconds
[2024-07-03T23:47:18.774+0000] {manager.py:737} INFO - Searching for files in /opt/airflow/dags
[2024-07-03T23:47:18.779+0000] {manager.py:740} INFO - There are 1 files in /opt/airflow/dags
[2024-07-03T23:47:18.943+0000] {manager.py:878} INFO - 
================================================================================
DAG File Processing Stats

File Path                    PID  Runtime      # DAGs    # Errors  Last Runtime    Last Run
-------------------------  -----  ---------  --------  ----------  --------------  ----------
/opt/airflow/dags/main.py     63  0.09s             0           0
================================================================================
[2024-07-03T23:47:49.182+0000] {manager.py:878} INFO - 
================================================================================
DAG File Processing Stats

File Path                  PID    Runtime      # DAGs    # Errors  Last Runtime    Last Run
-------------------------  -----  ---------  --------  ----------  --------------  -------------------
/opt/airflow/dags/main.py                           1           0  3.25s           2024-07-03T23:47:22
================================================================================
[2024-07-03T23:48:19.582+0000] {manager.py:878} INFO - 
================================================================================
DAG File Processing Stats

File Path                  PID    Runtime      # DAGs    # Errors  Last Runtime    Last Run
-------------------------  -----  ---------  --------  ----------  --------------  -------------------
/opt/airflow/dags/main.py                           1           0  3.27s           2024-07-03T23:47:55
================================================================================
[2024-07-03T23:48:49.858+0000] {manager.py:878} INFO - 
================================================================================
DAG File Processing Stats

File Path                  PID    Runtime      # DAGs    # Errors  Last Runtime    Last Run
-------------------------  -----  ---------  --------  ----------  --------------  -------------------
/opt/airflow/dags/main.py                           1           0  2.40s           2024-07-03T23:48:28
================================================================================
[2024-07-03T23:49:20.388+0000] {manager.py:878} INFO - 
================================================================================
DAG File Processing Stats

File Path                  PID    Runtime      # DAGs    # Errors  Last Runtime    Last Run
-------------------------  -----  ---------  --------  ----------  --------------  -------------------
/opt/airflow/dags/main.py                           1           0  2.26s           2024-07-03T23:49:00
================================================================================
[2024-07-03T23:49:50.893+0000] {manager.py:878} INFO - 
================================================================================
DAG File Processing Stats

File Path                  PID    Runtime      # DAGs    # Errors  Last Runtime    Last Run
-------------------------  -----  ---------  --------  ----------  --------------  -------------------
/opt/airflow/dags/main.py                           1           0  1.23s           2024-07-03T23:49:31
================================================================================
[2024-07-03T23:50:21.328+0000] {manager.py:878} INFO - 
================================================================================
DAG File Processing Stats

File Path                  PID    Runtime      # DAGs    # Errors  Last Runtime    Last Run
-------------------------  -----  ---------  --------  ----------  --------------  -------------------
/opt/airflow/dags/main.py                           1           0  1.72s           2024-07-03T23:50:03
================================================================================
[2024-07-03T23:50:35.617+0000] {manager.py:452} INFO - Exiting gracefully upon receiving signal 15
[2024-07-03T23:50:35.619+0000] {manager.py:452} INFO - Exiting gracefully upon receiving signal 15
[2024-07-03T23:50:37.317+0000] {manager.py:452} INFO - Exiting gracefully upon receiving signal 15
[2024-07-04T02:09:10.205+0000] {manager.py:470} INFO - Processing files using up to 2 processes at a time 
[2024-07-04T02:09:10.211+0000] {manager.py:471} INFO - Process each file at most once every 30 seconds
[2024-07-04T02:09:10.212+0000] {manager.py:472} INFO - Checking for new files in /opt/airflow/dags every 300 seconds
[2024-07-04T02:09:10.213+0000] {manager.py:737} INFO - Searching for files in /opt/airflow/dags
[2024-07-04T02:09:10.225+0000] {manager.py:740} INFO - There are 1 files in /opt/airflow/dags
[2024-07-04T02:09:10.393+0000] {manager.py:878} INFO - 
================================================================================
DAG File Processing Stats

File Path                    PID  Runtime      # DAGs    # Errors  Last Runtime    Last Run
-------------------------  -----  ---------  --------  ----------  --------------  ----------
/opt/airflow/dags/main.py     55  0.07s             0           0
================================================================================
[2024-07-04T02:09:40.457+0000] {manager.py:878} INFO - 
================================================================================
DAG File Processing Stats

File Path                  PID    Runtime      # DAGs    # Errors  Last Runtime    Last Run
-------------------------  -----  ---------  --------  ----------  --------------  -------------------
/opt/airflow/dags/main.py                           1           0  1.98s           2024-07-04T02:09:12
================================================================================
[2024-07-04T02:10:10.786+0000] {manager.py:878} INFO - 
================================================================================
DAG File Processing Stats

File Path                  PID    Runtime      # DAGs    # Errors  Last Runtime    Last Run
-------------------------  -----  ---------  --------  ----------  --------------  -------------------
/opt/airflow/dags/main.py                           1           0  1.14s           2024-07-04T02:09:43
================================================================================
[2024-07-04T02:10:41.004+0000] {manager.py:878} INFO - 
================================================================================
DAG File Processing Stats

File Path                  PID    Runtime      # DAGs    # Errors  Last Runtime    Last Run
-------------------------  -----  ---------  --------  ----------  --------------  -------------------
/opt/airflow/dags/main.py                           1           0  1.24s           2024-07-04T02:10:15
================================================================================
[2024-07-04T02:11:11.406+0000] {manager.py:878} INFO - 
================================================================================
DAG File Processing Stats

File Path                  PID    Runtime      # DAGs    # Errors  Last Runtime    Last Run
-------------------------  -----  ---------  --------  ----------  --------------  -------------------
/opt/airflow/dags/main.py                           1           0  1.31s           2024-07-04T02:10:46
================================================================================
[2024-07-04T02:11:41.888+0000] {manager.py:878} INFO - 
================================================================================
DAG File Processing Stats

File Path                  PID    Runtime      # DAGs    # Errors  Last Runtime    Last Run
-------------------------  -----  ---------  --------  ----------  --------------  -------------------
/opt/airflow/dags/main.py                           1           0  1.19s           2024-07-04T02:11:17
================================================================================
[2024-07-04T02:12:12.241+0000] {manager.py:878} INFO - 
================================================================================
DAG File Processing Stats

File Path                  PID    Runtime      # DAGs    # Errors  Last Runtime    Last Run
-------------------------  -----  ---------  --------  ----------  --------------  -------------------
/opt/airflow/dags/main.py                           1           0  1.30s           2024-07-04T02:11:49
================================================================================
[2024-07-04T02:12:42.537+0000] {manager.py:878} INFO - 
================================================================================
DAG File Processing Stats

File Path                  PID    Runtime      # DAGs    # Errors  Last Runtime    Last Run
-------------------------  -----  ---------  --------  ----------  --------------  -------------------
/opt/airflow/dags/main.py                           1           0  1.26s           2024-07-04T02:12:20
================================================================================
[2024-07-04T02:13:12.737+0000] {manager.py:878} INFO - 
================================================================================
DAG File Processing Stats

File Path                  PID    Runtime      # DAGs    # Errors  Last Runtime    Last Run
-------------------------  -----  ---------  --------  ----------  --------------  -------------------
/opt/airflow/dags/main.py                           1           0  1.11s           2024-07-04T02:12:51
================================================================================
[2024-07-04T02:13:43.016+0000] {manager.py:878} INFO - 
================================================================================
DAG File Processing Stats

File Path                  PID    Runtime      # DAGs    # Errors  Last Runtime    Last Run
-------------------------  -----  ---------  --------  ----------  --------------  -------------------
/opt/airflow/dags/main.py                           1           0  1.13s           2024-07-04T02:13:22
================================================================================
[2024-07-04T02:14:10.245+0000] {manager.py:737} INFO - Searching for files in /opt/airflow/dags
[2024-07-04T02:14:10.249+0000] {manager.py:740} INFO - There are 1 files in /opt/airflow/dags
[2024-07-04T02:14:13.273+0000] {manager.py:878} INFO - 
================================================================================
DAG File Processing Stats

File Path                  PID    Runtime      # DAGs    # Errors  Last Runtime    Last Run
-------------------------  -----  ---------  --------  ----------  --------------  -------------------
/opt/airflow/dags/main.py                           1           0  1.36s           2024-07-04T02:13:54
================================================================================
[2024-07-04T02:14:43.784+0000] {manager.py:878} INFO - 
================================================================================
DAG File Processing Stats

File Path                  PID    Runtime      # DAGs    # Errors  Last Runtime    Last Run
-------------------------  -----  ---------  --------  ----------  --------------  -------------------
/opt/airflow/dags/main.py                           1           0  1.15s           2024-07-04T02:14:25
================================================================================
[2024-07-04T02:15:14.020+0000] {manager.py:878} INFO - 
================================================================================
DAG File Processing Stats

File Path                  PID    Runtime      # DAGs    # Errors  Last Runtime    Last Run
-------------------------  -----  ---------  --------  ----------  --------------  -------------------
/opt/airflow/dags/main.py                           1           0  1.10s           2024-07-04T02:14:56
================================================================================
[2024-07-04T02:15:44.281+0000] {manager.py:878} INFO - 
================================================================================
DAG File Processing Stats

File Path                  PID    Runtime      # DAGs    # Errors  Last Runtime    Last Run
-------------------------  -----  ---------  --------  ----------  --------------  -------------------
/opt/airflow/dags/main.py                           1           0  1.11s           2024-07-04T02:15:28
================================================================================
[2024-07-04T02:16:14.541+0000] {manager.py:878} INFO - 
================================================================================
DAG File Processing Stats

File Path                  PID    Runtime      # DAGs    # Errors  Last Runtime    Last Run
-------------------------  -----  ---------  --------  ----------  --------------  -------------------
/opt/airflow/dags/main.py                           1           0  1.07s           2024-07-04T02:15:59
================================================================================
[2024-07-04T02:16:44.760+0000] {manager.py:878} INFO - 
================================================================================
DAG File Processing Stats

File Path                  PID    Runtime      # DAGs    # Errors  Last Runtime    Last Run
-------------------------  -----  ---------  --------  ----------  --------------  -------------------
/opt/airflow/dags/main.py                           1           0  1.13s           2024-07-04T02:16:30
================================================================================
[2024-07-04T02:17:15.080+0000] {manager.py:878} INFO - 
================================================================================
DAG File Processing Stats

File Path                  PID    Runtime      # DAGs    # Errors  Last Runtime    Last Run
-------------------------  -----  ---------  --------  ----------  --------------  -------------------
/opt/airflow/dags/main.py                           1           0  1.19s           2024-07-04T02:17:02
================================================================================
[2024-07-04T02:17:45.322+0000] {manager.py:878} INFO - 
================================================================================
DAG File Processing Stats

File Path                  PID    Runtime      # DAGs    # Errors  Last Runtime    Last Run
-------------------------  -----  ---------  --------  ----------  --------------  -------------------
/opt/airflow/dags/main.py                           1           0  1.40s           2024-07-04T02:17:33
================================================================================
[2024-07-04T02:18:15.861+0000] {manager.py:878} INFO - 
================================================================================
DAG File Processing Stats

File Path                  PID    Runtime      # DAGs    # Errors  Last Runtime    Last Run
-------------------------  -----  ---------  --------  ----------  --------------  -------------------
/opt/airflow/dags/main.py                           1           0  1.17s           2024-07-04T02:18:04
================================================================================
[2024-07-04T02:18:46.055+0000] {manager.py:878} INFO - 
================================================================================
DAG File Processing Stats

File Path                  PID    Runtime      # DAGs    # Errors  Last Runtime    Last Run
-------------------------  -----  ---------  --------  ----------  --------------  -------------------
/opt/airflow/dags/main.py                           1           0  1.14s           2024-07-04T02:18:36
================================================================================
[2024-07-04T02:19:10.356+0000] {manager.py:737} INFO - Searching for files in /opt/airflow/dags
[2024-07-04T02:19:10.368+0000] {manager.py:740} INFO - There are 1 files in /opt/airflow/dags
[2024-07-04T02:19:16.437+0000] {manager.py:878} INFO - 
================================================================================
DAG File Processing Stats

File Path                  PID    Runtime      # DAGs    # Errors  Last Runtime    Last Run
-------------------------  -----  ---------  --------  ----------  --------------  -------------------
/opt/airflow/dags/main.py                           1           0  1.15s           2024-07-04T02:19:07
================================================================================
[2024-07-04T02:19:46.668+0000] {manager.py:878} INFO - 
================================================================================
DAG File Processing Stats

File Path                  PID    Runtime      # DAGs    # Errors  Last Runtime    Last Run
-------------------------  -----  ---------  --------  ----------  --------------  -------------------
/opt/airflow/dags/main.py                           1           0  1.21s           2024-07-04T02:19:38
================================================================================
[2024-07-04T02:20:16.889+0000] {manager.py:878} INFO - 
================================================================================
DAG File Processing Stats

File Path                  PID    Runtime      # DAGs    # Errors  Last Runtime    Last Run
-------------------------  -----  ---------  --------  ----------  --------------  -------------------
/opt/airflow/dags/main.py                           1           0  1.11s           2024-07-04T02:20:09
================================================================================
[2024-07-04T02:20:47.143+0000] {manager.py:878} INFO - 
================================================================================
DAG File Processing Stats

File Path                  PID    Runtime      # DAGs    # Errors  Last Runtime    Last Run
-------------------------  -----  ---------  --------  ----------  --------------  -------------------
/opt/airflow/dags/main.py                           1           0  1.16s           2024-07-04T02:20:41
================================================================================
[2024-07-04T02:21:17.429+0000] {manager.py:878} INFO - 
================================================================================
DAG File Processing Stats

File Path                  PID    Runtime      # DAGs    # Errors  Last Runtime    Last Run
-------------------------  -----  ---------  --------  ----------  --------------  -------------------
/opt/airflow/dags/main.py                           1           0  1.17s           2024-07-04T02:21:12
================================================================================
[2024-07-04T02:21:47.734+0000] {manager.py:878} INFO - 
================================================================================
DAG File Processing Stats

File Path                  PID    Runtime      # DAGs    # Errors  Last Runtime    Last Run
-------------------------  -----  ---------  --------  ----------  --------------  -------------------
/opt/airflow/dags/main.py                           1           0  1.22s           2024-07-04T02:21:43
================================================================================
[2024-07-04T02:22:18.044+0000] {manager.py:878} INFO - 
================================================================================
DAG File Processing Stats

File Path                  PID    Runtime      # DAGs    # Errors  Last Runtime    Last Run
-------------------------  -----  ---------  --------  ----------  --------------  -------------------
/opt/airflow/dags/main.py                           1           0  1.17s           2024-07-04T02:22:15
================================================================================
[2024-07-04T02:22:48.321+0000] {manager.py:878} INFO - 
================================================================================
DAG File Processing Stats

File Path                  PID    Runtime      # DAGs    # Errors  Last Runtime    Last Run
-------------------------  -----  ---------  --------  ----------  --------------  -------------------
/opt/airflow/dags/main.py                           0           1  1.53s           2024-07-04T02:22:39
================================================================================
[2024-07-04T02:23:18.558+0000] {manager.py:878} INFO - 
================================================================================
DAG File Processing Stats

File Path                  PID    Runtime      # DAGs    # Errors  Last Runtime    Last Run
-------------------------  -----  ---------  --------  ----------  --------------  -------------------
/opt/airflow/dags/main.py                           0           1  1.65s           2024-07-04T02:23:11
================================================================================
[2024-07-04T02:23:48.871+0000] {manager.py:878} INFO - 
================================================================================
DAG File Processing Stats

File Path                  PID    Runtime      # DAGs    # Errors  Last Runtime    Last Run
-------------------------  -----  ---------  --------  ----------  --------------  -------------------
/opt/airflow/dags/main.py                           0           1  0.13s           2024-07-04T02:23:44
================================================================================
[2024-07-04T02:24:11.060+0000] {manager.py:737} INFO - Searching for files in /opt/airflow/dags
[2024-07-04T02:24:11.072+0000] {manager.py:740} INFO - There are 1 files in /opt/airflow/dags
[2024-07-04T02:24:19.204+0000] {manager.py:878} INFO - 
================================================================================
DAG File Processing Stats

File Path                  PID    Runtime      # DAGs    # Errors  Last Runtime    Last Run
-------------------------  -----  ---------  --------  ----------  --------------  -------------------
/opt/airflow/dags/main.py                           0           1  0.10s           2024-07-04T02:24:15
================================================================================
[2024-07-04T02:24:49.476+0000] {manager.py:878} INFO - 
================================================================================
DAG File Processing Stats

File Path                  PID    Runtime      # DAGs    # Errors  Last Runtime    Last Run
-------------------------  -----  ---------  --------  ----------  --------------  -------------------
/opt/airflow/dags/main.py                           0           1  0.25s           2024-07-04T02:24:45
================================================================================
[2024-07-04T02:25:19.715+0000] {manager.py:878} INFO - 
================================================================================
DAG File Processing Stats

File Path                  PID    Runtime      # DAGs    # Errors  Last Runtime    Last Run
-------------------------  -----  ---------  --------  ----------  --------------  -------------------
/opt/airflow/dags/main.py                           0           1  0.12s           2024-07-04T02:25:15
================================================================================
[2024-07-04T02:25:49.999+0000] {manager.py:878} INFO - 
================================================================================
DAG File Processing Stats

File Path                  PID    Runtime      # DAGs    # Errors  Last Runtime    Last Run
-------------------------  -----  ---------  --------  ----------  --------------  -------------------
/opt/airflow/dags/main.py                           0           1  1.17s           2024-07-04T02:25:32
================================================================================
[2024-07-04T02:26:20.282+0000] {manager.py:878} INFO - 
================================================================================
DAG File Processing Stats

File Path                  PID    Runtime      # DAGs    # Errors  Last Runtime    Last Run
-------------------------  -----  ---------  --------  ----------  --------------  -------------------
/opt/airflow/dags/main.py                           0           1  1.06s           2024-07-04T02:26:04
================================================================================
[2024-07-04T02:26:50.484+0000] {manager.py:878} INFO - 
================================================================================
DAG File Processing Stats

File Path                  PID    Runtime      # DAGs    # Errors  Last Runtime    Last Run
-------------------------  -----  ---------  --------  ----------  --------------  -------------------
/opt/airflow/dags/main.py                           1           0  1.19s           2024-07-04T02:26:30
================================================================================
[2024-07-04T02:27:20.724+0000] {manager.py:878} INFO - 
================================================================================
DAG File Processing Stats

File Path                  PID    Runtime      # DAGs    # Errors  Last Runtime    Last Run
-------------------------  -----  ---------  --------  ----------  --------------  -------------------
/opt/airflow/dags/main.py                           1           0  1.17s           2024-07-04T02:27:01
================================================================================
[2024-07-04T02:27:51.061+0000] {manager.py:878} INFO - 
================================================================================
DAG File Processing Stats

File Path                  PID    Runtime      # DAGs    # Errors  Last Runtime    Last Run
-------------------------  -----  ---------  --------  ----------  --------------  -------------------
/opt/airflow/dags/main.py                           1           0  1.13s           2024-07-04T02:27:32
================================================================================
[2024-07-04T02:28:21.314+0000] {manager.py:878} INFO - 
================================================================================
DAG File Processing Stats

File Path                  PID    Runtime      # DAGs    # Errors  Last Runtime    Last Run
-------------------------  -----  ---------  --------  ----------  --------------  -------------------
/opt/airflow/dags/main.py                           1           0  1.18s           2024-07-04T02:28:04
================================================================================
[2024-07-04T02:29:23.197+0000] {manager.py:470} INFO - Processing files using up to 2 processes at a time 
[2024-07-04T02:29:23.221+0000] {manager.py:471} INFO - Process each file at most once every 30 seconds
[2024-07-04T02:29:23.224+0000] {manager.py:472} INFO - Checking for new files in /opt/airflow/dags every 300 seconds
[2024-07-04T02:29:23.226+0000] {manager.py:737} INFO - Searching for files in /opt/airflow/dags
[2024-07-04T02:29:23.237+0000] {manager.py:740} INFO - There are 1 files in /opt/airflow/dags
[2024-07-04T02:29:23.484+0000] {manager.py:878} INFO - 
================================================================================
DAG File Processing Stats

File Path                    PID  Runtime      # DAGs    # Errors  Last Runtime    Last Run
-------------------------  -----  ---------  --------  ----------  --------------  ----------
/opt/airflow/dags/main.py     45  0.16s             0           0
================================================================================
[2024-07-04T02:29:53.546+0000] {manager.py:878} INFO - 
================================================================================
DAG File Processing Stats

File Path                  PID    Runtime      # DAGs    # Errors  Last Runtime    Last Run
-------------------------  -----  ---------  --------  ----------  --------------  -------------------
/opt/airflow/dags/main.py                           1           0  2.07s           2024-07-04T02:29:25
================================================================================
[2024-07-04T02:30:23.777+0000] {manager.py:878} INFO - 
================================================================================
DAG File Processing Stats

File Path                  PID    Runtime      # DAGs    # Errors  Last Runtime    Last Run
-------------------------  -----  ---------  --------  ----------  --------------  -------------------
/opt/airflow/dags/main.py                           1           0  1.05s           2024-07-04T02:29:56
================================================================================
[2024-07-04T02:30:48.944+0000] {manager.py:452} INFO - Exiting gracefully upon receiving signal 15
[2024-07-04T02:35:40.221+0000] {manager.py:470} INFO - Processing files using up to 2 processes at a time 
[2024-07-04T02:35:40.232+0000] {manager.py:471} INFO - Process each file at most once every 30 seconds
[2024-07-04T02:35:40.233+0000] {manager.py:472} INFO - Checking for new files in /opt/airflow/dags every 300 seconds
[2024-07-04T02:35:40.233+0000] {manager.py:737} INFO - Searching for files in /opt/airflow/dags
[2024-07-04T02:35:40.249+0000] {manager.py:740} INFO - There are 1 files in /opt/airflow/dags
[2024-07-04T02:35:40.527+0000] {manager.py:878} INFO - 
================================================================================
DAG File Processing Stats

File Path                    PID  Runtime      # DAGs    # Errors  Last Runtime    Last Run
-------------------------  -----  ---------  --------  ----------  --------------  ----------
/opt/airflow/dags/main.py     49  0.13s             0           0
================================================================================
[2024-07-04T02:36:10.719+0000] {manager.py:878} INFO - 
================================================================================
DAG File Processing Stats

File Path                  PID    Runtime      # DAGs    # Errors  Last Runtime    Last Run
-------------------------  -----  ---------  --------  ----------  --------------  -------------------
/opt/airflow/dags/main.py                           1           0  2.22s           2024-07-04T02:35:42
================================================================================
[2024-07-04T02:36:40.967+0000] {manager.py:878} INFO - 
================================================================================
DAG File Processing Stats

File Path                  PID    Runtime      # DAGs    # Errors  Last Runtime    Last Run
-------------------------  -----  ---------  --------  ----------  --------------  -------------------
/opt/airflow/dags/main.py                           1           0  1.15s           2024-07-04T02:36:13
================================================================================
[2024-07-04T02:37:11.216+0000] {manager.py:878} INFO - 
================================================================================
DAG File Processing Stats

File Path                  PID    Runtime      # DAGs    # Errors  Last Runtime    Last Run
-------------------------  -----  ---------  --------  ----------  --------------  -------------------
/opt/airflow/dags/main.py                           1           0  1.20s           2024-07-04T02:36:45
================================================================================
[2024-07-04T02:37:41.525+0000] {manager.py:878} INFO - 
================================================================================
DAG File Processing Stats

File Path                  PID    Runtime      # DAGs    # Errors  Last Runtime    Last Run
-------------------------  -----  ---------  --------  ----------  --------------  -------------------
/opt/airflow/dags/main.py                           1           0  1.24s           2024-07-04T02:37:16
================================================================================
[2024-07-04T02:38:11.811+0000] {manager.py:878} INFO - 
================================================================================
DAG File Processing Stats

File Path                  PID    Runtime      # DAGs    # Errors  Last Runtime    Last Run
-------------------------  -----  ---------  --------  ----------  --------------  -------------------
/opt/airflow/dags/main.py                           1           0  1.09s           2024-07-04T02:37:47
================================================================================
[2024-07-04T02:38:42.013+0000] {manager.py:878} INFO - 
================================================================================
DAG File Processing Stats

File Path                  PID    Runtime      # DAGs    # Errors  Last Runtime    Last Run
-------------------------  -----  ---------  --------  ----------  --------------  -------------------
/opt/airflow/dags/main.py                           1           0  1.12s           2024-07-04T02:38:18
================================================================================
[2024-07-04T02:39:12.210+0000] {manager.py:878} INFO - 
================================================================================
DAG File Processing Stats

File Path                  PID    Runtime      # DAGs    # Errors  Last Runtime    Last Run
-------------------------  -----  ---------  --------  ----------  --------------  -------------------
/opt/airflow/dags/main.py                           1           0  1.01s           2024-07-04T02:38:50
================================================================================
[2024-07-04T02:39:42.426+0000] {manager.py:878} INFO - 
================================================================================
DAG File Processing Stats

File Path                  PID    Runtime      # DAGs    # Errors  Last Runtime    Last Run
-------------------------  -----  ---------  --------  ----------  --------------  -------------------
/opt/airflow/dags/main.py                           1           0  1.02s           2024-07-04T02:39:21
================================================================================
[2024-07-04T02:40:12.659+0000] {manager.py:878} INFO - 
================================================================================
DAG File Processing Stats

File Path                  PID    Runtime      # DAGs    # Errors  Last Runtime    Last Run
-------------------------  -----  ---------  --------  ----------  --------------  -------------------
/opt/airflow/dags/main.py                           1           0  1.04s           2024-07-04T02:39:52
================================================================================
[2024-07-04T02:40:40.875+0000] {manager.py:737} INFO - Searching for files in /opt/airflow/dags
[2024-07-04T02:40:40.893+0000] {manager.py:740} INFO - There are 1 files in /opt/airflow/dags
[2024-07-04T02:40:42.911+0000] {manager.py:878} INFO - 
================================================================================
DAG File Processing Stats

File Path                  PID    Runtime      # DAGs    # Errors  Last Runtime    Last Run
-------------------------  -----  ---------  --------  ----------  --------------  -------------------
/opt/airflow/dags/main.py                           1           0  1.02s           2024-07-04T02:40:23
================================================================================
[2024-07-04T02:41:13.152+0000] {manager.py:878} INFO - 
================================================================================
DAG File Processing Stats

File Path                  PID    Runtime      # DAGs    # Errors  Last Runtime    Last Run
-------------------------  -----  ---------  --------  ----------  --------------  -------------------
/opt/airflow/dags/main.py                           1           0  1.03s           2024-07-04T02:40:55
================================================================================
[2024-07-04T02:41:43.364+0000] {manager.py:878} INFO - 
================================================================================
DAG File Processing Stats

File Path                  PID    Runtime      # DAGs    # Errors  Last Runtime    Last Run
-------------------------  -----  ---------  --------  ----------  --------------  -------------------
/opt/airflow/dags/main.py                           1           0  1.06s           2024-07-04T02:41:26
================================================================================
[2024-07-04T02:42:13.571+0000] {manager.py:878} INFO - 
================================================================================
DAG File Processing Stats

File Path                  PID    Runtime      # DAGs    # Errors  Last Runtime    Last Run
-------------------------  -----  ---------  --------  ----------  --------------  -------------------
/opt/airflow/dags/main.py                           1           0  1.10s           2024-07-04T02:41:57
================================================================================
[2024-07-04T02:42:43.844+0000] {manager.py:878} INFO - 
================================================================================
DAG File Processing Stats

File Path                  PID    Runtime      # DAGs    # Errors  Last Runtime    Last Run
-------------------------  -----  ---------  --------  ----------  --------------  -------------------
/opt/airflow/dags/main.py                           1           0  1.13s           2024-07-04T02:42:28
================================================================================
[2024-07-04T02:43:14.037+0000] {manager.py:878} INFO - 
================================================================================
DAG File Processing Stats

File Path                  PID    Runtime      # DAGs    # Errors  Last Runtime    Last Run
-------------------------  -----  ---------  --------  ----------  --------------  -------------------
/opt/airflow/dags/main.py                           1           0  1.01s           2024-07-04T02:42:59
================================================================================
[2024-07-04T02:43:36.403+0000] {manager.py:452} INFO - Exiting gracefully upon receiving signal 15
[2024-07-04T02:44:33.492+0000] {manager.py:470} INFO - Processing files using up to 2 processes at a time 
[2024-07-04T02:44:33.517+0000] {manager.py:471} INFO - Process each file at most once every 30 seconds
[2024-07-04T02:44:33.518+0000] {manager.py:472} INFO - Checking for new files in /opt/airflow/dags every 300 seconds
[2024-07-04T02:44:33.522+0000] {manager.py:737} INFO - Searching for files in /opt/airflow/dags
[2024-07-04T02:44:33.535+0000] {manager.py:740} INFO - There are 1 files in /opt/airflow/dags
[2024-07-04T02:44:33.795+0000] {manager.py:878} INFO - 
================================================================================
DAG File Processing Stats

File Path                    PID  Runtime      # DAGs    # Errors  Last Runtime    Last Run
-------------------------  -----  ---------  --------  ----------  --------------  ----------
/opt/airflow/dags/main.py     50  0.15s             0           0
================================================================================
[2024-07-04T02:45:03.983+0000] {manager.py:878} INFO - 
================================================================================
DAG File Processing Stats

File Path                  PID    Runtime      # DAGs    # Errors  Last Runtime    Last Run
-------------------------  -----  ---------  --------  ----------  --------------  -------------------
/opt/airflow/dags/main.py                           1           0  2.25s           2024-07-04T02:44:35
================================================================================
[2024-07-04T02:45:34.226+0000] {manager.py:878} INFO - 
================================================================================
DAG File Processing Stats

File Path                  PID    Runtime      # DAGs    # Errors  Last Runtime    Last Run
-------------------------  -----  ---------  --------  ----------  --------------  -------------------
/opt/airflow/dags/main.py                           1           0  1.15s           2024-07-04T02:45:07
================================================================================
[2024-07-04T02:46:04.508+0000] {manager.py:878} INFO - 
================================================================================
DAG File Processing Stats

File Path                  PID    Runtime      # DAGs    # Errors  Last Runtime    Last Run
-------------------------  -----  ---------  --------  ----------  --------------  -------------------
/opt/airflow/dags/main.py                           1           0  1.09s           2024-07-04T02:45:38
================================================================================
[2024-07-04T02:46:34.750+0000] {manager.py:878} INFO - 
================================================================================
DAG File Processing Stats

File Path                  PID    Runtime      # DAGs    # Errors  Last Runtime    Last Run
-------------------------  -----  ---------  --------  ----------  --------------  -------------------
/opt/airflow/dags/main.py                           1           0  1.15s           2024-07-04T02:46:09
================================================================================
[2024-07-04T02:47:04.962+0000] {manager.py:878} INFO - 
================================================================================
DAG File Processing Stats

File Path                  PID    Runtime      # DAGs    # Errors  Last Runtime    Last Run
-------------------------  -----  ---------  --------  ----------  --------------  -------------------
/opt/airflow/dags/main.py                           1           0  1.04s           2024-07-04T02:46:40
================================================================================
[2024-07-04T02:47:35.152+0000] {manager.py:878} INFO - 
================================================================================
DAG File Processing Stats

File Path                  PID    Runtime      # DAGs    # Errors  Last Runtime    Last Run
-------------------------  -----  ---------  --------  ----------  --------------  -------------------
/opt/airflow/dags/main.py                           1           0  1.00s           2024-07-04T02:47:12
================================================================================
[2024-07-04T02:48:05.354+0000] {manager.py:878} INFO - 
================================================================================
DAG File Processing Stats

File Path                  PID    Runtime      # DAGs    # Errors  Last Runtime    Last Run
-------------------------  -----  ---------  --------  ----------  --------------  -------------------
/opt/airflow/dags/main.py                           1           0  1.15s           2024-07-04T02:47:43
================================================================================
[2024-07-04T02:48:35.560+0000] {manager.py:878} INFO - 
================================================================================
DAG File Processing Stats

File Path                  PID    Runtime      # DAGs    # Errors  Last Runtime    Last Run
-------------------------  -----  ---------  --------  ----------  --------------  -------------------
/opt/airflow/dags/main.py                           1           0  1.01s           2024-07-04T02:48:14
================================================================================
[2024-07-04T02:48:40.342+0000] {manager.py:452} INFO - Exiting gracefully upon receiving signal 15
[2024-07-04T02:49:50.421+0000] {manager.py:470} INFO - Processing files using up to 2 processes at a time 
[2024-07-04T02:49:50.438+0000] {manager.py:471} INFO - Process each file at most once every 30 seconds
[2024-07-04T02:49:50.438+0000] {manager.py:472} INFO - Checking for new files in /opt/airflow/dags every 300 seconds
[2024-07-04T02:49:50.439+0000] {manager.py:737} INFO - Searching for files in /opt/airflow/dags
[2024-07-04T02:49:50.448+0000] {manager.py:740} INFO - There are 1 files in /opt/airflow/dags
[2024-07-04T02:49:50.622+0000] {manager.py:878} INFO - 
================================================================================
DAG File Processing Stats

File Path                    PID  Runtime      # DAGs    # Errors  Last Runtime    Last Run
-------------------------  -----  ---------  --------  ----------  --------------  ----------
/opt/airflow/dags/main.py     49  0.09s             0           0
================================================================================
[2024-07-04T02:50:20.730+0000] {manager.py:878} INFO - 
================================================================================
DAG File Processing Stats

File Path                  PID    Runtime      # DAGs    # Errors  Last Runtime    Last Run
-------------------------  -----  ---------  --------  ----------  --------------  -------------------
/opt/airflow/dags/main.py                           1           0  2.04s           2024-07-04T02:49:52
================================================================================
[2024-07-04T02:50:50.920+0000] {manager.py:878} INFO - 
================================================================================
DAG File Processing Stats

File Path                  PID    Runtime      # DAGs    # Errors  Last Runtime    Last Run
-------------------------  -----  ---------  --------  ----------  --------------  -------------------
/opt/airflow/dags/main.py                           1           0  1.07s           2024-07-04T02:50:23
================================================================================
[2024-07-04T02:51:21.144+0000] {manager.py:878} INFO - 
================================================================================
DAG File Processing Stats

File Path                  PID    Runtime      # DAGs    # Errors  Last Runtime    Last Run
-------------------------  -----  ---------  --------  ----------  --------------  -------------------
/opt/airflow/dags/main.py                           1           0  1.03s           2024-07-04T02:50:54
================================================================================
[2024-07-04T02:51:51.365+0000] {manager.py:878} INFO - 
================================================================================
DAG File Processing Stats

File Path                  PID    Runtime      # DAGs    # Errors  Last Runtime    Last Run
-------------------------  -----  ---------  --------  ----------  --------------  -------------------
/opt/airflow/dags/main.py                           1           0  1.19s           2024-07-04T02:51:26
================================================================================
[2024-07-04T02:52:21.556+0000] {manager.py:878} INFO - 
================================================================================
DAG File Processing Stats

File Path                  PID    Runtime      # DAGs    # Errors  Last Runtime    Last Run
-------------------------  -----  ---------  --------  ----------  --------------  -------------------
/opt/airflow/dags/main.py                           1           0  1.12s           2024-07-04T02:51:57
================================================================================
[2024-07-04T02:52:51.769+0000] {manager.py:878} INFO - 
================================================================================
DAG File Processing Stats

File Path                  PID    Runtime      # DAGs    # Errors  Last Runtime    Last Run
-------------------------  -----  ---------  --------  ----------  --------------  -------------------
/opt/airflow/dags/main.py                           1           0  1.07s           2024-07-04T02:52:28
================================================================================
[2024-07-04T02:53:21.988+0000] {manager.py:878} INFO - 
================================================================================
DAG File Processing Stats

File Path                  PID    Runtime      # DAGs    # Errors  Last Runtime    Last Run
-------------------------  -----  ---------  --------  ----------  --------------  -------------------
/opt/airflow/dags/main.py                           1           0  1.09s           2024-07-04T02:52:59
================================================================================
[2024-07-04T02:53:52.242+0000] {manager.py:878} INFO - 
================================================================================
DAG File Processing Stats

File Path                  PID    Runtime      # DAGs    # Errors  Last Runtime    Last Run
-------------------------  -----  ---------  --------  ----------  --------------  -------------------
/opt/airflow/dags/main.py                           1           0  1.07s           2024-07-04T02:53:31
================================================================================
[2024-07-04T02:54:22.506+0000] {manager.py:878} INFO - 
================================================================================
DAG File Processing Stats

File Path                  PID    Runtime      # DAGs    # Errors  Last Runtime    Last Run
-------------------------  -----  ---------  --------  ----------  --------------  -------------------
/opt/airflow/dags/main.py                           1           0  1.11s           2024-07-04T02:54:02
================================================================================
[2024-07-04T02:54:23.851+0000] {manager.py:452} INFO - Exiting gracefully upon receiving signal 15
[2024-07-04T02:55:19.063+0000] {manager.py:470} INFO - Processing files using up to 2 processes at a time 
[2024-07-04T02:55:19.081+0000] {manager.py:471} INFO - Process each file at most once every 30 seconds
[2024-07-04T02:55:19.082+0000] {manager.py:472} INFO - Checking for new files in /opt/airflow/dags every 300 seconds
[2024-07-04T02:55:19.082+0000] {manager.py:737} INFO - Searching for files in /opt/airflow/dags
[2024-07-04T02:55:19.093+0000] {manager.py:740} INFO - There are 1 files in /opt/airflow/dags
[2024-07-04T02:55:19.358+0000] {manager.py:878} INFO - 
================================================================================
DAG File Processing Stats

File Path                    PID  Runtime      # DAGs    # Errors  Last Runtime    Last Run
-------------------------  -----  ---------  --------  ----------  --------------  ----------
/opt/airflow/dags/main.py     47  0.16s             0           0
================================================================================
[2024-07-04T02:55:49.546+0000] {manager.py:878} INFO - 
================================================================================
DAG File Processing Stats

File Path                  PID    Runtime      # DAGs    # Errors  Last Runtime    Last Run
-------------------------  -----  ---------  --------  ----------  --------------  -------------------
/opt/airflow/dags/main.py                           1           0  2.37s           2024-07-04T02:55:21
================================================================================
[2024-07-04T02:56:19.881+0000] {manager.py:878} INFO - 
================================================================================
DAG File Processing Stats

File Path                  PID    Runtime      # DAGs    # Errors  Last Runtime    Last Run
-------------------------  -----  ---------  --------  ----------  --------------  -------------------
/opt/airflow/dags/main.py                           1           0  1.27s           2024-07-04T02:55:52
================================================================================
[2024-07-04T02:56:50.170+0000] {manager.py:878} INFO - 
================================================================================
DAG File Processing Stats

File Path                  PID    Runtime      # DAGs    # Errors  Last Runtime    Last Run
-------------------------  -----  ---------  --------  ----------  --------------  -------------------
/opt/airflow/dags/main.py                           1           0  1.20s           2024-07-04T02:56:24
================================================================================
[2024-07-04T02:57:20.353+0000] {manager.py:878} INFO - 
================================================================================
DAG File Processing Stats

File Path                  PID    Runtime      # DAGs    # Errors  Last Runtime    Last Run
-------------------------  -----  ---------  --------  ----------  --------------  -------------------
/opt/airflow/dags/main.py                           1           0  1.05s           2024-07-04T02:56:55
================================================================================
[2024-07-04T02:57:50.544+0000] {manager.py:878} INFO - 
================================================================================
DAG File Processing Stats

File Path                  PID    Runtime      # DAGs    # Errors  Last Runtime    Last Run
-------------------------  -----  ---------  --------  ----------  --------------  -------------------
/opt/airflow/dags/main.py                           1           0  1.47s           2024-07-04T02:57:26
================================================================================
[2024-07-04T02:58:21.183+0000] {manager.py:878} INFO - 
================================================================================
DAG File Processing Stats

File Path                  PID    Runtime      # DAGs    # Errors  Last Runtime    Last Run
-------------------------  -----  ---------  --------  ----------  --------------  -------------------
/opt/airflow/dags/main.py                           1           0  1.11s           2024-07-04T02:57:58
================================================================================
[2024-07-04T02:58:51.430+0000] {manager.py:878} INFO - 
================================================================================
DAG File Processing Stats

File Path                  PID    Runtime      # DAGs    # Errors  Last Runtime    Last Run
-------------------------  -----  ---------  --------  ----------  --------------  -------------------
/opt/airflow/dags/main.py                           1           0  1.12s           2024-07-04T02:58:29
================================================================================
[2024-07-04T02:59:21.670+0000] {manager.py:878} INFO - 
================================================================================
DAG File Processing Stats

File Path                  PID    Runtime      # DAGs    # Errors  Last Runtime    Last Run
-------------------------  -----  ---------  --------  ----------  --------------  -------------------
/opt/airflow/dags/main.py                           1           0  1.19s           2024-07-04T02:59:00
================================================================================
[2024-07-04T02:59:51.885+0000] {manager.py:878} INFO - 
================================================================================
DAG File Processing Stats

File Path                  PID    Runtime      # DAGs    # Errors  Last Runtime    Last Run
-------------------------  -----  ---------  --------  ----------  --------------  -------------------
/opt/airflow/dags/main.py                           1           0  1.03s           2024-07-04T02:59:31
================================================================================
[2024-07-04T03:00:19.087+0000] {manager.py:737} INFO - Searching for files in /opt/airflow/dags
[2024-07-04T03:00:19.098+0000] {manager.py:740} INFO - There are 1 files in /opt/airflow/dags
[2024-07-04T03:00:22.131+0000] {manager.py:452} INFO - Exiting gracefully upon receiving signal 15
